STATION CODE,LOCATIONS,STATE,Temp,D.O. (mg/l),PH,CONDUCTIVITY (µmhos/cm),B.O.D. (mg/l),NITRATENAN N+ NITRITENANN (mg/l),FECAL COLIFORM (MPN/100ml),TOTAL COLIFORM (MPN/100ml)Mean,year
1393,"DAMANGANGA AT D/S OF MADHUBAN, DAMAN",16,30.6,6.7,7.5,203,NAN,0.1,11,27,2014
1399,"ZUARI AT D/S OF PT. WHERE KUMBARJRIA CANAL JOINS, 1",1,29.8,5.7,7.2,189,2,0.2,4953,8391,2014
1475,ZUARI AT PANCHAWADI,1,29.5,6.3,6.9,179,1.7,0.1,3243,5330,2014
3181,RIVER ZUARI AT BORIM BRIDGE,1,29.7,5.8,6.9,64,3.8,0.5,5382,8443,2014
3182,RIVER ZUARI AT MARCAIM JETTY,1,29.5,5.8,7.3,83,1.9,0.4,3428,5500,2014
1400,"MANDOVI AT NEGHBOURHOOD OF PANAJI, 1",1,30,5.5,7.4,81,1.5,0.1,2853,4049,2014
1476,"MANDOVI AT TONCA, MARCELA, 1",1,29.2,6.1,6.7,308,1.4,0.3,3355,5672,2014
3185,RIVER MANDOVI AT AMONA BRIDGE,1,29.6,6.4,6.7,414,1,0.2,6073,9423,2014
3186,RIVER MANDOVI AT IFFI JETTY,1,30,6.4,7.6,305,2.2,0.1,3478,4990,2014
3187,RIVER MANDOVI NEAR HOTEL MARRIOT,1,30.1,6.3,7.6,77,2.3,0.1,2606,4301,2014
1543,"RIVER KALNA AT CHANDELNAN PERNEM, 1",1,27.8,7.1,7.1,176,1.2,0.1,4573,7817,2014
1548,"RIVER ASSONORA AT ASSONORA, 1",1,27.9,6.7,6.4,93,1.4,0.1,2147,3433,2014
2276,"RIVER BICHOLIM VARAZAN NAGAR , BICHOLIM",1,29.3,7.4,6.8,121,1.7,0.4,11633,18125,2014
2275,"RIVER CHAPORA NEAR ALORNA FORT ,PERNEM",1,29.2,6.9,7,620,1.1,0.1,3500,6300,2014
3189,RIVER CHAPORA AT SIOLIM,1,30,6,7.5,72,1.6,0.2,4995,9517,2014
1546,"RIVER KHANDEPAR AT OPA NAN PONDA, 1",1,29,7.3,7,247,1.5,0.2,1095,2453,2014
2270,"RIVER KHANDEPAR AT CODLI NEAR BRIDGE ,U/S OPA WATERWORKS,SANGUEM",1,29.1,7.3,7,188,1,0.1,1286,3048,2014
2272,"RIVER KUSHAWATI NEAR BUND AT KEVONA,RIVON,SANGUEM",1,28.7,7,6.9,224,1.2,0.3,3896,6742,2014
1545,"RIVER MADAI AT DABOS NAN  VALPOI, 1",1,28.7,7.3,6.7,144,1.5,0.1,1940,3052,2014
2274,RIVER MAPUSA ON CULVERT ON HIGHWAY MAPUSANANPANAJI,1,29.5,5.3,6.8,319,1.8,0.3,6458,10250,2014
2271,"RIVER SAL PAZORKHONI,CUNCOLIM(NEAR CULVERT MARGAONAN CANACONA NATIONAL HIGHWAY)",1,29,6.3,6.4,79,1.6,1.4,7592,12842,2014
2273,"RIVER SAL NEAR HOTEL LEELA MOBOR,CAVELOSSIM",1,29.4,5.4,7.6,39,1.4,0.1,3176,6367,2014
3183,"RIVER SAL AT KHAREBAND, MARGAO",1,28.3,2.2,6.5,322,4.7,1.2,11210,14920,2014
3184,"RIVER SAL AT ORLIM BRIDGE, ORLIM",1,30.1,5.2,7.1,192,2.6,0.3,5073,8925,2014
3190,RIVER SINQUERIM (CANDOLIM SIDE NEAR BRIDGE),1,30.3,5.6,7.5,282,1.8,0.1,3205,5082,2014
3191,RIVER SINQUERIM NEAR NERUL TEMPLE,1,30.5,5.5,7.4,275,1.5,0.1,4698,8625,2014
1547,"RIVER TALPONA AT CANACONA, 1",1,29.1,7.3,6.7,55,1.4,0.1,2638,4003,2014
3188,RIVER TIRACOL AT TIRACOL,1,30.1,6.5,7.5,415,2,0.1,864,1538,2014
1544,"RIVER VALVANT AT SANKLI NAN BICHOLIM, 1",1,29.2,7.2,6.3,100,1.5,0.1,7942,13575,2014
2651,"AMBA RIVER AT D/S OF WAKEN BRIDGENANU/S OF JS PETROCHEMICALS, WAKENPHATA, ROHA",2,25.1,6.6,7.8,95,4.9,0.2,16,36,2014
1461,"BHATSA AT D/S OF PISE DAM NEAR PISE VILLAGE (ULHAS), 2",2,29.6,6.9,7.9,99,5,0.4,15,34,2014
2653,"BHATSA RIVER AT D/S OF LIBERTY OIL MILLS, SATNEL, SHAHAPUR, THANE",2,27.4,6.8,7.7,85,5.2,0.3,11,23,2014
2654,"BHATSA RIVER AT U/S OF LIBERTY OIL MILLS, SATNEL, SHAHAPUR, THANE",2,27.8,6.7,7.8,80,4.9,0.3,12,29,2014
1092,"KALU AT ATALE VILLAGE, 2",2,30.6,5.1,7.3,3937,10.3,1.8,31,83,2014
2670,"KAN RIVER, NEAR SAKRI WATER WORKS, SAKRI, DHULE.",2,25,5.6,7.9,468,3.6,1.9,66,164,2014
1152,"KUNDALIKA AT ROHA CITY, 2",2,25,6.4,7.6,541,5.7,0.6,23,45,2014
2198,KUNDALIKA RIVER AT ARE KHURD ( SALINE ZONE ),2,25,5.5,7.4,6166,7.7,1.1,44,67,2014
2671,"KUNDALIKA RIVER NEAR SALAV BRIDGE (SALINA ZONE), SALAV, ROHA, RAIGAD",2,25.3,5.3,7.7,24062,9.9,1.2,156,304,2014
2672,"KUNDALIKA RIVER AT DHATAV AT JACKWELL (DRINKING WATER  PUMPING STATIONNANSWEET ZONE), ROHA",2,25.1,6.7,7.6,83,4.8,0.2,28,76,2014
2168,MITHI RIVER,2,26.1,3.6,7.4,4424,31.3,2.2,276,474,2014
2676,"MUCHKUNDI RIVER AT  WAKED,RATNAGIRI, NEAR M/S ASAHI INDIA GLASS LTD., LANJA, RATNAGIRI.",2,21.4,7.2,7.7,226,3.1,0.8,NAN,130,2014
1151,"PATALGANGA AT SHILPHATA, 2",2,27.4,5.9,7.4,268,6.4,0.4,37,68,2014
1462,"PATALGANGA NEAR INTAKE OF MIDC W/W, 2",2,27.1,5.4,7.5,2413,7.4,1.5,59,116,2014
2685,"PATALGANGA RIVER AT D/S OF KHARPADA BRIDGE, RAIGAD.",2,27.2,5.8,7.3,384,5.4,0.6,37,78,2014
2686,"PATALGANGA RIVER AT VYAL PUMP HOUSE , KHALAPUR, RAIGAD.",2,27.3,5.9,7.4,269,5.1,1.2,34,60,2014
2687,"PATALGANGA RIVER AT KHALAPUR PUMPING STATION, KHALAPUR, RAIGAD.",2,27,6,7.3,269,8.5,0.4,32,58,2014
2688,"PATALGANGA RIVER AT SAVROLI BRIDGE, KHALAPUR, RAIGAD.",2,27.2,6.1,7.3,196,6.1,0.5,30,63,2014
2689,"PATALGANGA RIVER AT GAGANGIRI MAHARAJ TEMPLE, KHOPOLI, RAIGAD.",2,27,5.9,7.4,269,6.4,0.4,19,47,2014
2696,"PEHLAR DAM ON PEHLAR RIVER INLET OF WATER WORKS, VASAI, THANE.",2,22.6,6.3,7.8,223,4.6,0.9,15,32,2014
2199,SAVITRI RIVER AT OVALE VILLAGE.,2,28.4,6.7,7.3,9293,3.5,1.8,NAN,0,2014
2701,"SAVITRI RIVER JACKWELL AT UPSA KENDRE, NANGALWADI, MAHAD, RAIGAD",2,28,6.8,7.2,170,3.1,1.4,NAN,0,2014
2702,"SAVITRI RIVER AT SHEDAV DOH, MAHAD,RAIGAD",2,27.6,6.8,7.3,4175,3.3,1.6,NAN,0,2014
2703,"SAVITRI RIVER AT DADLI BRIDGE, DADLI, MAHAD, RAIGADH",2,27.9,6.9,7.3,4282,3.3,1.6,NAN,0,2014
2704,"SAVITRI RIVER AT MUTHAVALI VILLAGE, MAHAD, RAIGADH",2,28.1,6.9,7.3,5551,3.4,1.7,NAN,0,2014
2706,"SURYA RIVER, U/S OF SURYA DAM, DHAMMI, VIKRAMGAD, THANE",2,27.1,6.8,7.9,5390,4.9,0.8,15,28,2014
2707,"SURYA RIVER AT MIDC PUMPING STATION, GARVASHET, PALGHAR, THANE",2,27.6,6.6,8.1,161,4.6,0.3,16,32,2014
2708,"SURYA RIVER AT INTAKE OF VASAINANVIRAR W/S SCHEME, MASVAN, PALGHAR, THANE",2,27.3,6.7,8,138,5,0.3,14,33,2014
2709,"TANSA RIVER NEAR ROAD BRIDGE, VILLAGE DAKEWALI, WADA, THANE",2,27.8,6.7,7.8,81,4.9,0.3,14,35,2014
1093,"ULHAS AT U/S OF NRC BUND AT MOHANE, 2",2,28,5.9,7.7,194,5.5,0.6,22,51,2014
1094,"ULHAS AT U/S OF BADLAPUR, 2",2,28.1,6.3,7.6,186,4.6,0.6,13,31,2014
2162,ULHAS RIVER ATJAMBHUL WATER WORKS.,2,28.6,6.6,7.6,207,4.7,0.7,12,31,2014
2712,"VAITARNA RIVER NEAR ROAD BRIDGE, GANDHARE VILLAGE, WADA, THANE.",2,26.9,6.8,7.7,85,5,0.4,15,34,2014
2164,VASHISTI RIVER AT U/S OF THREE M PAPER MILLS NEAR M/S MULTIFILMS PLASTIC PVT. LTD. AT KHERDI.,2,23,7.1,7.4,176,2.7,0.9,NAN,30,2014
2713,"VASHISHTI RIVER AT D/S OF THREE M PAPER MILLS NEAR CHIPLUN WATER INTAKE JACKWELL, KHERDI, RATNAGIRI",2,23,7,7.4,178,2.7,0.9,NAN,40,2014
2714,"VASHISHTI RIVER AT U/S OF POPHALI NEAR KONPHANSAWANE BRIDGE, CHIPLUN, RATNAGIRI",2,23,7.2,7.2,180,2.7,1,NAN,70,2014
1342,"ACHENKOIL AT THUMPAMON, 3",3,25.1,6.7,7.5,85,1.4,1,183,420,2014
1443,"ACHENKOIL AT CHENNITHULA, 3",3,24.6,5.8,7.4,77,1.4,0.8,285,691,2014
3465,"ACHENKOIL AT KALLARAKADAVU, PATHANAMTHITTA",3,25.7,6.6,7.5,75,1.4,0.7,183,448,2014
3466,"ACHENKOIL AT PANDALAM (NEAR AYYAPPA TEMPLE), PATHANAMTHITTA",3,24.8,6.7,7.5,82,1.4,1,161,443,2014
2297,R ANCHARAKANDY AT MERUVAMBA,3,27.3,6.7,6.9,56,0.9,0.2,82,172,2014
2319,R ANCHARAKANDY AT MERUVAMBA,3,27.5,6.5,6.7,2240,1.2,0.2,136,304,2014
2286,R AYROOR AT AYROOR BRIDGE,3,25.2,6.3,6.9,73,1.6,0,787,2008,2014
2331,R BHARATHAPUZHA AT KUTTIPPURAM,3,29.9,7,7.4,130,0.7,0.1,301,590,2014
2332,R BHARATHAPUZHA AT PATTAMBI,3,29.8,6.6,7.7,191,1.6,0.2,362,661,2014
1154,"CHALAKUDY AT PULICKALKANANDAVU, 3",3,27.8,6.9,6.9,134,1.1,0.4,249,531,2014
20,"CHALIYAR AT KOOLIMADU, 3",3,26.7,7,7.5,80,0.8,0.4,2573,3583,2014
21,"CHALIYAR AT CHUNGAPALLY, 3",3,25.8,6.7,7.4,14526,0.8,0.6,1411,1969,2014
3464,"CHALIYAR AT NILAMBUR, MALAPPURAM",3,26.4,7.2,7.4,82,0.7,0.5,840,1311,2014
1572,"CHANDRAGIRI AT PADIYATHADKA, 3",3,29.8,7.5,7.2,67,1.1,0.1,76,590,2014
1573,"CHITRAPUZHA AT IRUMPANAM, 3",3,28.6,3,6.6,965,1.7,1.2,247,530,2014
2295,R CORAPUZHA AT KANAYANKODE,3,26.9,5.9,7.4,17990,0.7,0.5,1888,2803,2014
1564,"R ITHIKKARA AT AYUR, 3",3,26,6.7,7.5,90,1.6,0.9,199,473,2014
2287,R ITHIKKARA AT ITHIKKARA,3,23.6,6.1,7.4,4429,2,1.6,243,550,2014
1566,"R KADALUNDI AT THIRURANGADY, 3",3,30.3,6.7,6.9,87,1.7,0.2,155,350,2014
2293,R KADALUNDI AT HAJIRAPPALLY,3,30.7,6.9,6.8,85,1.6,0.2,82,206,2014
2337,R KADAMBAYAR AT BRAHMAPURAM,3,28.7,2.1,6.8,101,1.6,0.8,431,694,2014
2338,R KADAMBAYAR AT MANCKAKADAVU,3,28.2,2.5,6.9,83,1.9,0.3,353,656,2014
42,"KALLADA AT PERUMTHOTTAMKADAVU, PUNALOOR, 3",3,24.8,7.2,7.6,75,1.4,1,188,426,2014
2294,R KALLAI AT KALLAI BRIDGE,3,26.3,3.7,7.7,32005,1.2,0.9,40000,60392,2014
3460,"KALPATHI PUZHA AT KALPATHI, PALAKKAD",3,29.2,6.1,7.6,281,1.2,0.7,384,718,2014
3458,KARAPUZHA DAM AT WAYANAD,3,26.6,6.7,7.6,106,0.5,2.5,44,71,2014
1571,"R KARINGODE AT KAKKADAVU,  3",3,30.4,7.6,7.1,58,1.2,0.1,163,961,2014
1155,"KARAMANA AT MOONNATTUMUKKU, 3",3,25.5,1.9,7.7,2941,26.9,2.8,10875,37375,2014
3471,"RIVER KARAMANA AT ARUVIKARA, THIRUVANANTHAPURAM",3,25.1,7.4,7,35,0.1,0,165,409,2014
2289,R KARUVANNURR AT KARUVANNUR BRIDGE,3,28.9,6.4,7.2,63,1.3,0.4,121,535,2014
2301,R KAVVAI AT KUTTIYOL PALAM,3,28.8,5.4,6.7,65,1.1,0.3,60,144,2014
2291,R KEECHERI AT VADAKKANCHERY BRIDGE,3,29.3,5.6,7.3,90,1.6,0.4,268,705,2014
2326,R KORAYAR AT KANJIKODE,3,29.5,7.1,8,728,1.2,0.4,374,697,2014
1569,"R KUPPAM AT THALIPARAMBA, 3",3,28.4,5.9,6.8,13953,1.5,0.4,70,166,2014
2298,R KUPPAM AT RAYAROM,3,26.9,7.4,6.9,57,1.1,0.3,70,159,2014
1567,"R KUTTIYADE AT KUTTIYADY ESTATE, 3",3,25.8,7.2,7.2,41,0.7,0.2,441,658,2014
1568,"R MAHE AT VALAYAM, 3",3,26.6,6.5,7.4,71,0.6,0.3,4192,7018,2014
2285,R MAMOM AT MAMOM BRIDGE,3,25.3,6.8,7.1,81,0.8,0,389,1268,2014
1340,"MANIMALA  AT KALLOOPARA, 3",3,28.2,6.8,6.9,68,1.7,0.1,449,660,2014
1384,"MANIMALA AT THONDRA, 3",3,28.5,6.6,7,70,1.4,0.1,550,822,2014
3459,"MANIYANKODE PUZHA AT MANIYANKODE BRIDGE, WAYANAD",3,27.6,6.4,7.7,100,0.6,0.9,56,88,2014
2307,R MANJESWAR AT BAJRAKKARA BR.,3,29,7.3,6.9,96,1.9,0.2,89,825,2014
1339,"MEENACHIL AT KIDANGOOR, 3",3,27.5,6.8,6.6,49,0.5,0.4,1719,2950,2014
2304,R MOGRAL AT MOGRAL BR.,3,30,5.6,7.2,24360,2.1,0.3,92,447,2014
43,"MUVATTAPUZHA AT VETTIKKATTUMUKKU, 3",3,27.8,6.9,6.8,59,0.6,0.5,1916,3375,2014
2302,R NEELASWARAM AT NAMBIARKAL DAM,3,30.2,7.1,6.8,14410,1.8,0.1,65,468,2014
1570,"R NEELESWARAM AT HOSDURG, 3",3,30.8,6.2,7.2,22757,1.5,0.1,98,542,2014
1563,"R NEYYAR AT AMARAVILA, 3",3,25.3,6.7,7.1,66,0.6,0,222,626,2014
2284,R NEYYAR AT ARUVIPURAM,3,25.3,7.2,7,59,0.6,0,165,433,2014
2288,R PALLICKAL AT NELLIMUKAL,3,25.8,6,7.6,120,1.3,1.1,212,523,2014
1156,"PAMBA AT CHENGANNUR, 3",3,27.2,5.2,6.8,55,0.6,0.7,171,313,2014
1341,"PAMBA AT THAKAZHY, 3",3,28.1,4.8,6.8,86,0.7,0.8,208,332,2014
1565,"PAMBA DOWN, 3",3,28.3,3.9,6.9,62,0.5,0.7,155,284,2014
17,"PERIYAR NEAR ALWAYENANELOOR, 3",3,28.1,5,6.9,3185,1.8,0.4,290,667,2014
18,"PERIYAR AT KALADY, 3",3,27.7,7,7,36,1.1,0.2,276,541,2014
1338,"PERIYAR AT SEWAGE DISCHARGE POINT, 3",3,28,6.3,6.9,64,1.2,0.3,381,815,2014
2333,RIVER PERIYAR AT MUPPATHADAM,3,28.2,6.2,6.9,86,1.3,0.2,372,1007,2014
2334,RIVER PERIYAR AT PATHALAM,3,28,5.7,6.8,2640,1.9,0.5,385,759,2014
2335,R PERIYAR AT KALAMASSERY,3,28.1,5.7,6.9,53,3.1,0.4,574,1205,2014
2336,R PERIYAR AT PURAPPALLIKAVU,3,28.1,6.6,7.1,2007,1.3,0.2,356,785,2014
3468,"PERIYAR AT KWA INTAKENAN ALUVA, ERNAKULAM",3,28.1,6.6,7,46,1.3,0.3,228,472,2014
2300,R PERUVAMBA AT CHANDAPPURA,3,27.3,6.5,6.5,43,0.9,0.4,87,188,2014
2303,R PULLUR AT PULLUR BR.,3,28.3,6.7,6.3,54,0.9,0.1,136,610,2014
2290,R PUZHACKAL AT PUZHACKAL BRIDGE,3,29.1,4.3,7.2,113,1.8,0.4,188,796,2014
2299,R RAMAPURAM AT RAMAPURAM BRIDGE,3,28.7,4.6,6.7,12561,1.5,0.6,72,171,2014
2305,R SHRIYA AT ANGADIMOGARU,3,28.5,7.7,6.9,61,1.6,0,88,554,2014
2296,R THALLASSERY AT PATHIPPALAM,3,26.6,5.8,6.5,61,1,0.4,70,151,2014
2292,R THIRUR AT THALAKKADATHUR BRIDGE,3,31,4.5,6.9,1614,2.1,0.6,131,230,2014
2306,R UPPALA AT  UPPALA BR.,3,30.5,6.9,7.2,20950,1.3,0.2,113,643,2014
3473,"RIVER VALAPATTANAM AT PARASSINIKADAVU, KANNUR",3,28.8,6.6,7,14487,0.9,0.3,55,103,2014
1442,"VAMANAPURAM, 3",3,25.3,6.9,7.5,54,0.6,0,319,1633,2014
1448,"NAGAVALLI AT THOTAPALLI REGULATOR, A.P.",4,25.9,5.5,7.6,569,1.3,0.9,18,141,2014
2352,"RIVER VAMSHADHARA, KALINGAPATNAM,VIZIANAGARAM",4,26.5,5.4,7.8,310,0.8,2.4,7,107,2014
3080,"U/S OF KARAKAVAGU AT PALONCHA,  KHAMMAM, A.P.",4,18.9,7.1,7.8,516,0.7,0.5,2,1238,2014
3081,"D/S OF KARAKAVAGU AT PALONCHA,  KHAMMAM, A.P.",4,20.5,6.9,8,505,0.9,0.7,2,1563,2014
1444,"KALI AT D/S WEST COAST PAPER MILL, 5",5,27.1,7.3,7.3,109,2.4,3.4,18,65,2014
2780,"KALI AT U/S OF WCPM, DANDELI, 5",5,26.3,7.5,7.5,83,2.1,2,22,74,2014
1894,KUMARADHARA NAN U/S OF UPPINAGADY TOWN BEFORE CONFLUENCE WITH RIVER NETHRAVATHI,5,29.1,6.4,7.2,102,1,0,137,1223,2014
1892,NETRAVATHI U/S OF DHARMASTALA AT WATER SUPPLY INTAKE POINT,5,28.4,6.5,7.1,92,1,0,155,1342,2014
2423,"BUDHABALANGA, D/S OF BARIPADA TOWN",6,24.7,7.7,7.9,232,1.3,0.8,30790,40500,2014
2424,BUDHABALANGA AT BALASORE D/S,6,24.4,7.5,7.8,519,2.1,0.7,38700,53556,2014
2425,"RIVER KERANDI(INTAKE WELL OF NALCO REFINARY, HAL, SUNABEDA)",6,22.7,7.3,7.2,103,0.7,1.7,4871,13810,2014
2422,"NAGAVALLI AT PENTA U/S, JAYKAYPUR TOWN",6,24.8,7.4,7.9,196,0.7,0.6,5323,15213,2014
1642,"NAGAVALLI AT JAYKAYPUR D/S, 6",6,24,7.4,7.8,244,1.9,1,20880,12473,2014
1643,"NAGAVALLI AT RAYAGADA D/S, 6",6,22.8,7.5,8,243,1.7,0.9,8780,30319,2014
1455,"RUSHIKULYA AT GANJAM U/S, 6",6,26.8,7.2,8,296,1.5,0.7,1468,4314,2014
1456,"RUSHIKULYA AT GANJAM D/S, 6",6,27.4,6.6,7.8,25034,1.5,0.9,1671,4224,2014
2426,VANSADHARA AT MUNIGUDA (D/S OF M/S VEDANTAALUMINA PROJECT),6,25.3,7.5,7.9,194,1,1,2906,8559,2014
2427,VANSADHARA ATGUNUPUR (INTERSTATE BOUNDRY),6,27.1,7.4,7.9,170,0.8,0.9,4948,16709,2014
1685,"ARASALAR RIVER KARAIKAL REGION, 7",7,29,NAN,7.3,386,NAN,0.2,NAN,NAN,2014
2444,CORINGA RIVER,7,25,5.9,7.9,21600,NAN,0.1,NAN,NAN,2014
2442,GAUTAMINANGODAVARI RIVER,7,25,6.5,7.3,21600,NAN,0.1,NAN,NAN,2014
2443,GAUTAMINANGODAVARI RIVER,7,25,6.5,7.7,26600,NAN,0.1,NAN,NAN,2014
2445,MAHE RIVER,7,32,6,7.1,13000,NAN,0.4,NAN,NAN,2014
1450,"PALAR AT VANIYAMBADI WATER SUPPLY HEAD WORK, 8",8,29.3,6.5,7.4,1063,2,0.6,177,374,2014
1159,"TAMBIRAPARANI AT BDG.NR. MADURA COATS LTD.PAPAVINASAM,8",8,22.8,6.8,6.6,63,2.9,0.1,11,36,2014
1160,"TAMBIRAPARANI AT CHERANMADEVI,CAUSE WAY,8",8,24.5,6.6,6.4,101,2.5,0.2,13,41,2014
1161,"TAMBIRAPARANI AT TIRUNELVELI,COLLECTORATE,8.",8,25.5,6.6,6.5,136,2.5,0.2,13,45,2014
1162,"TAMBIRAPARANI AT MURAPPANADU, 8",8,29,6.7,6.9,226,2.2,0.2,12,38,2014
1328,"TAMBIRAPARANI AT PAPPANKULAM,8",8,23.8,6.7,6.3,72,2.7,0.2,9,32,2014
1329,"TAMBIRAPARANI AT RAIL BDG. NR. AMBASAMUDAM, 8",8,22.8,6.7,6.4,61,4.6,0.1,10,34,2014
1330,"TAMBIRAPARANI AT ARUMUGANERI, 8",8,29,6.6,7.2,1300,2.7,0.2,21,60,2014
3025,"TAMBIRAPARANI AT ERAL, THOTHUKUDI, 8",8,29,6.7,7,461,2.5,0.1,17,51,2014
3026,"TAMBIRAPARANI AT KALLIDAI KURICHI, TIRUNELVELI, 8",8,23,6.6,6.2,69,2.5,0.1,11,38,2014
3027,"TAMBIRAPARANI AT SRIVAIKUNTAM, D/S OF SK ANAICUT, TIRUNELVELI, 8",8,29,6.8,6.9,241,2.5,0.1,14,48,2014
3028,"TAMBIRAPARANI AT VELLAKOIL, TIRUNELVELI, 8",8,25.7,6.5,6.6,159,2.4,0.2,11,41,2014
3029,"TAMBIRAPARANI AT SIVALAPERI, CONFLUENCE POINT OF KUTTRALAM FALLS, D/S OF PALAYAMKOTTAI, TIRUNELVELI, 8",8,25.7,6.6,6.7,170,2.5,0.2,10,34,2014
3023,"VASISTA AT SALEM, D/S OF SAGO INDUSRIES EFFLUENT, 8",8,24.3,0.9,7.6,2039,104.5,0.9,272521616,511090873,2014
1885,RIVER GHAGGAR AT D/S OF SURAJPUR,9,NAN,NAN,NAN,NAN,NAN,NAN,NAN,NAN,2014
1023,"GHAGGAR AT MUBARAKPUR REST HOUSE (PATIALA), 10",10,22.7,5.8,7.2,640,6,4.3,1450,4073,2014
1024,"GHAGGAR AT 100M D/S CONF. WITH R. SARASWATI (PATIALA),10",10,19,4.8,7.6,1090,22,3.6,30500,52500,2014
1295,"GHAGGAR NEAR BANKARPUR,DERA BASSI,10",10,23,5.5,7.3,705,10,5,2020,5433,2014
1473,"GHAGGAR AT RATANHERI, D/S OF PATIALA NADI (AFTER CONFL.), 10",10,24,5.1,7.4,1375,23.7,5.9,27333,50333,2014
1698,"D/S CHHATBIR, 10",10,24.7,5.5,7.4,745,10,6.1,12167,29333,2014
1699,"U/S DHAKANSU NALLAH, 10",10,25,5,7.6,975,16.3,6.1,11167,21667,2014
1700,"D/S DHAKANSU NALLAH, 10",10,22,4.9,7.7,1385,27.5,7.7,42500,72000,2014
1701,"D/S JHARMAL NADI, 10",10,24.3,5,7.3,1067,19.3,6.2,21467,39533,2014
1702,"U/S JHARMAL NADI, 10",10,23.3,5.3,7.2,970,13.3,5.9,3167,7133,2014
1703,"GHAGGER AT MOONAK, 10",10,19.5,4.9,7.7,1418,21,4.2,28000,49500,2014
1704,"D/S SARDULGARH, 10",10,21.5,4.1,7.5,1015,23,6.1,35000,57500,2014
1705,"U/S SARDULGARH, 10",10,20,4.8,7.4,854,17,4.7,20500,38000,2014
1025,"GHAGGAR GHNAN1 AT ROAD BRDG. SIRSA,DEBWALI ROAD,9",9,NAN,NAN,8.2,NAN,19.8,0,NAN,NAN,2014
1026,"GHAGGAR GHNAN2 AT CHANDARPUR SYPHON,  9",9,NAN,NAN,7.9,NAN,18.2,0,NAN,NAN,2014
1718,"GAGGAR RIVER WHEN ENTERING IN 11 FROM 9 NEAR RD NO. 629, 11",11,32.6,4,6.8,370,3,0.8,4,9,2014
1871,"RIVER MARKANDA AT PAONTA, DISTT. SIRMOUR, H.P.",12,23.6,7.8,7.8,376,1.3,0.4,9,17,2014
2624,MARKANDA U/S KALA AMB,12,23.9,7.7,7.7,354,1.3,0.3,12,22,2014
2625,MARKANDA D/S KALA AMB/ BOUNDARY OF 9,12,24.5,7.6,7.9,344,1.6,0.4,12,22,2014
1884,KALA AMB D/S MARKANDA RIVER,9,NAN,NAN,7.2,NAN,88,0,NAN,NAN,2014
1870,"RIVER SUKHANA AT PARWANOO, DISTT. SOLAN, H.P.",12,18.1,4.4,7.1,694,41,1.2,92,224,2014
2947,"RIVER JAWAI AT JAWAI DAM, SIROHI, 11",11,25.1,5.9,8,401,0.9,0.7,4,15,2014
1717,"KODRA DAM, MOUNT ABU, 11",11,22.3,6,7.2,106,0.8,0.4,4,15,2014
2948,"RIVER BANDI AT HEMAWAS DAM, PALI, 11",11,23.7,5.6,7.9,326,1.1,0.8,4,4,2014
2949,"RIVER LUNI AT RANAKPUR DAM, RANAKPUR, PALI, 11",11,23.9,6.2,8.1,592,1,0.7,4,6,2014
3383,"BUGI RIVER AT MIBANPARA, SOUTH GARO HILLS",13,25.5,7.2,7.5,119,2.3,3.8,33,74,2014
3384,"BUGI RIVER AT DALU, SOUTH GARO HILLS",13,25.1,7.2,7.5,120,2.3,4.1,31,67,2014
3380,"DAMRING RIVER (KRISHNEI RIVER) AT RESUBELPARA, EAST GARO HILLS",13,25.2,7.5,7.3,82,1.8,2.8,30,70,2014
1632,"GANOL RIVER TURA, 13",13,23.2,7.5,7.5,111,2.4,3,293,506,2014
1428,"KYRHUKHLA NEAR SUTNGA KHLIERIAT,JAINTIA HILLS DT.,13",13,20.1,5.3,3.3,831,7.7,3.2,18,36,2014
3369,"KYNSHI RIVER AT SOHIONG, WEST KHASI HILLS",13,18.3,7.2,7.2,56,1.7,2.6,21,42,2014
3370,"KYNSHI RIVER AT NANGKHNUM, WEST KHASI HILLS",13,19.3,7.5,7.2,66,1.6,2.5,22,44,2014
3371,"KYNSHI RIVER AT RANIKOR, WEST KHASI HILLS",13,24,7.8,7,74,2.3,4.3,28,108,2014
3375,LUKHA RIVER AT MYNDIHATI (TRIBUTARY OF LUNAR),13,20.5,6.7,2.7,1350,3.3,1.1,7,16,2014
3376,LUKHA RIVER AT SUNAPUR (TRIBUTARY OF LUNAR),13,21.2,7.3,6.6,274,2.5,2.4,176,386,2014
3381,"MANDA RIVER (DUDHAI RIVER) AT JAMPA, EAST GARO HILLS",13,26.3,7.4,7.3,67,1.8,2.5,25,55,2014
3382,"MANDA RIVER (DUDHAI RIVER) AT WAGAISI, EAST GARO HILLS",13,25.5,7.2,7.4,82,2,2.8,26,61,2014
3377,"MYNTANG RIVER AT NARTIANG, JAYANTIA HILLS",13,20,7.3,7.1,55,1.9,2.5,24,53,2014
3378,"MYNTANG RIVER AT MYNSO, JAYANTIA HILLS",13,20.3,7.3,7.1,57,2,2.4,24,50,2014
1631,"MYNTDU RIVER JOWAI, 13",13,19.4,6.6,7.1,114,2.6,2.8,2142,3108,2014
3379,"MYNTDU RIVER AT LESHKA, JAYANTIA HILLS",13,21,7.3,5.6,56,1.8,2.1,16,34,2014
3367,"NONBAH RIVER AT NANGSTOIN MARKE, WEST KHASI HILLS",13,19.2,5.1,7,105,3.6,4.7,351,780,2014
3368,"NONBAH RIVER AT NANGSTOIN MARKE, WEST KHASI HILLS",13,18.3,7.3,7.1,51,1.6,2.4,19,40,2014
3372,"RILANG RIVER AT MAWKYRWAT, WEST KHASI HILLS",13,19.6,7.7,7.2,50,1.6,2,19,36,2014
1633,"SIMSANG RIVER WILLIAMNAGAR, 13",13,23.7,7.6,7.3,115,2.1,3.7,301,528,2014
3353,"UMIAM MAWPHLANG RIVER AT NONGKREM, EAST KHASI HILLS",13,18.2,6.2,7,81,2.4,5.1,36,79,2014
3354,"UMIAM MAWPHLANG RIVER AT UMTYNGNGAR, EAST KHASI HILLS",13,18.8,7.2,7.1,66,1.9,3.4,28,63,2014
3355,"UMIAM MAWPHLANG RIVER AT MAWPHLANG, EAST KHASI HILLS",13,18.9,7.4,7.1,57,1.5,2.9,13,40,2014
3356,"UMIAM MAWPHLANG RIVER AT SHELLA, EAST KHASI HILLS",13,25.1,7.5,7.4,144,1.7,3.5,26,59,2014
3350,UMKHEN AT WAHKDAIT,13,18.8,7.1,7.1,63,1.9,5.6,22,48,2014
3351,UMKHEN AT KSEHPONGDENG,13,20.2,7.3,7.2,65,1.9,3.3,24,48,2014
3352,"UMKHEN RIVER AT DIENGPASOH, EAST KHASI HILLS",13,20,7.3,7.3,65,2,3,25,54,2014
3359,"UMKHRAH RIVER AT DEMTHRING, SHILLONG",13,18.5,1.5,6.9,345,33.9,16.9,23232,34251,2014
3360,"UMKHRAH RIVER ATUMKALIAR, SHILLONG",13,18.8,3.9,7.1,233,17,10.5,13174,22223,2014
3361,"UMKHRAH RIVER ATMAWLAI, SLAUGHTER",13,18.3,1,7.2,376,57.2,20.3,48665,83554,2014
3362,"UMKHRAH RIVER AT MAWPDANG, MAWLAI",13,18.5,0.9,7.2,506,61.1,19.6,64250,106333,2014
3357,"UMNGOT RIVER AT SMIT, EAST KHASI HILLS",13,18.2,7.2,7,66,1.9,3.7,28,60,2014
3358,"UMNGOT RIVER AT DAWKI, EAST KHASI HILLS",13,22.1,7.7,7.2,62,1.6,3,27,59,2014
3363,"UMSHYRPI RIVER AT RISA COLONY, EAST KHASI HILLS",13,17.6,7.3,6.9,61,2.2,2,25,52,2014
3364,"UMSHYRPI RIVER AT LAW COLLEGE, DHANKETI, EAST KHASI HILLS",13,18.7,1.2,7.1,380,45.7,15.6,51583,94083,2014
3365,"UMSHYRPI RIVER AT UMSHYRPI BRIDGE, EAST KHASI HILLS",13,18.7,3.2,7.1,258,23.5,10.3,31833,54083,2014
1427,"UMTREW AT BYRNIHAT EAST, 13",13,23.1,7.2,7.2,124,6.9,4.5,348,552,2014
3366,"UMTREW RIVER AT UMRAN, RINAN BHOI",13,22.6,7.2,7.1,65,2.1,2.4,56,120,2014
3373,"WAH BLEI AT RIANGDO, WEST KHASI HILLS",13,20,7.5,7.3,64,1.9,3.3,21,42,2014
3374,"WAH BLEI AT SHDADDKHAR, WEST KHASI HILLS",13,19.9,7.6,7.3,65,1.9,3.8,21,43,2014
2050,TLAWNG UPSTREAM AIZAWL,14,24.5,7.1,7.3,269,1.4,0.1,NAN,115,2014
2051,TLAWNG DOWNSTREAM AIZAWL,14,24.4,7.2,7.3,275,1.5,0.1,4,68,2014
2052,TUIRIAL UPPER CATCHMENT,14,23.6,6.9,7.1,186,1.6,0.1,NAN,29,2014
2053,TUIRIAL LOWER CATCHMENT,14,23.5,6.8,7.1,201,1.4,0.2,NAN,86,2014
1403,"GUMTI AT U/S SOUTH 15,15",15,27.3,6.2,7.8,165,2.1,0,282,340,2014
1404,"GUMTI AT D/S SOUTH 15, 15",15,29.1,6.4,7.8,158,4.1,0.5,458,500,2014
1726,"CHANDRAPUR, AGARTALA D/S OF HAORA RIVER, 15",15,26.6,6.6,7.9,210,4.2,1.9,510,572,2014
2,"DAMANGANGA AT D/S OF MADHUBAN, DAMAN",16,NAN,NAN,0,208,NAN,NAN,NAN,NAN,2013
1150,"DAMANGANGA AT KACHIGAON U\S AT GIDC WIER,17",17,27.1,7.3,7.9,693,0.5,1,161,173,2013
1246,"DAMANGANGA AT KACHIGAON D\S (DAMAN), 17",17,27.3,5,7.6,1676,1.8,8,329,174,2013
1865,RIVER DHADAR AT KOTHADA,17,NAN,NAN,0,506,NAN,6,26,227,2013
1434,"AMLAKHADI AFTER CONFL. OF W. WATER FROM ANKLESH,17",17,24.5,6,7.7,1863,8.6,1,47,1183,2013
1980,AMLAKHADI AT PUNGAM ANKLESHWAR DISTT BHARUCH,17,NAN,NAN,NAN,24300,NAN,7,22474,24,2013
1149,"KOLAK AT PATALIA BDG., 17",17,27.5,5.3,7.8,817,2.8,1,9,23,2013
1436,"BHADAR V/S JETPUR VILL. A/C OF W. WATER FROM JETPUR CITY, 17",17,28.3,4.3,7.8,2307,103.8,1.23,NAN,1817,2013
1860,BALEHWAR KHADI AT N.H. NO 8,17,28.4,4.5,8.3,1287,1.5,11,116,5,2013
2082,TRIVENI SANGAM,17,NAN,NAN,NAN,NAN,NAN,0,NAN,2,2013
1148,"AMBIKA AT BILIMORA, 17",17,27.6,6.8,8.2,1862,2.5,0.87,7,64,2013
3205,"UPSTREAM OF RIVER VISHWAMITRI AT ASOD BRIDGE AT N.H. 8 , NEAR GLDEN CHOKDI, ASOD VEMALI ROAD",17,NAN,5,8,NAN,0.7,0,NAN,NAN,2013
3204,"DOWNSTREAM OF RIVER VISHWAMITRI AT KHALIPUR VILLAGE, BEFORE MEETING JAMBUVA RIVER",17,NAN,3,7.7,NAN,0.4,0,NAN,NAN,2013
1862,KAVERI ON BRIDGE AT BILLIMORANANVALSAD ROAD,17,27,6.7,8.1,2520,7.2,1,6,41,2013
2072,RIVER BHOGAVO D/S OF SURENDRANAGAR,17,29,8.2,8.4,606,2.9,0,NAN,NAN,2013
1399,"ZUARI AT D/S OF PT. WHERE KUMBARJRIA CANAL JOINS, 1",1,30,5.6,7.5,41,2,0.08,7022,13410,2013
1475,ZUARI AT PANCHAWADI,1,30.4,5.5,6.7,209,0.8,0.17,1893,2915,2013
3181,RIVER ZUARI AT BORIM BRIDGE,1,30.8,5.5,7.1,123,1.5,0.09,3293,6264,2013
3182,RIVER ZUARI AT MARCAIM JETTY,1,30.3,5.3,7.3,182,1.5,0.08,1976,3080,2013
1400,"MANDOVI AT NEGHBOURHOOD OF PANAJI, 1",1,30.1,6,7.6,100,1.2,0.17,5129,6086,2013
1476,"MANDOVI AT TONCA, MARCELA, 1",1,29.9,5.7,6.9,111,1,0.14,939,3061,2013
3185,RIVER MANDOVI AT AMONA BRIDGE,1,29.1,6.4,7.1,140,1.1,0.1,4464,7908,2013
3186,RIVER MANDOVI AT IFFI JETTY,1,29.9,6.2,7.8,44,2,0.06,9429,9320,2013
3187,RIVER MANDOVI NEAR HOTEL MARRIOT,1,29.8,6.1,7.6,43,1.8,0.06,6668,9554,2013
1543,"RIVER KALNA AT CHANDELNAN PERNEM, 1",1,27.9,7,6.9,64,1.1,0.09,1641,2841,2013
1548,"RIVER ASSONORA AT ASSONORA, 1",1,28.2,6.6,6.5,62,1,0.14,4073,7190,2013
2276,"RIVER BICHOLIM VARAZAN NAGAR , BICHOLIM",1,29.6,7,6.8,304,2,0.49,12140,23867,2013
2275,"RIVER CHAPORA NEAR ALORNA FORT ,PERNEM",1,28.8,7,7,55,1.2,0.66,1298,2813,2013
3189,RIVER CHAPORA AT SIOLIM,1,29.5,6.3,7.6,213,1.5,0.06,3803,7069,2013
1546,"RIVER KHANDEPAR AT OPA NAN PONDA, 1",1,29.8,6.7,6.8,83,1.2,0.17,2140,3559,2013
2270,"RIVER KHANDEPAR AT CODLI NEAR BRIDGE ,U/S OPA WATERWORKS,SANGUEM",1,29.7,7.1,6.6,76,1,0.12,2367,3527,2013
2272,"RIVER KUSHAWATI NEAR BUND AT KEVONA,RIVON,SANGUEM",1,28.7,6.7,6.6,107,1.3,0.22,2461,3757,2013
1545,"RIVER MADAI AT DABOS NAN  VALPOI, 1",1,27.9,7.2,6.7,89,0.9,0.06,832,1996,2013
2274,RIVER MAPUSA ON CULVERT ON HIGHWAY MAPUSANANPANAJI,1,29.3,4.2,6.7,192,2,0.16,4448,9286,2013
2271,"RIVER SAL PAZORKHONI,CUNCOLIM(NEAR CULVERT MARGAONAN CANACONA NATIONAL HIGHWAY)",1,28.6,6.3,6.6,79,1.6,0.19,2830,6054,2013
2273,"RIVER SAL NEAR HOTEL LEELA MOBOR,CAVELOSSIM",1,29.8,5.6,7.7,142,1.7,0.14,1831,3644,2013
3183,"RIVER SAL AT KHAREBAND, MARGAO",1,28.6,2.8,6.4,424,3.2,0.35,12658,21036,2013
3184,"RIVER SAL AT ORLIM BRIDGE, ORLIM",1,30.6,5.2,7.1,306,2.6,0.34,1411,1525,2013
3190,RIVER SINQUERIM (CANDOLIM SIDE NEAR BRIDGE),1,30.3,5.6,7.7,40,1.5,0.07,4153,7130,2013
3191,RIVER SINQUERIM NEAR NERUL TEMPLE,1,30.4,5.5,7.7,40,1.5,0.08,7086,12282,2013
1547,"RIVER TALPONA AT CANACONA, 1",1,29.6,6.9,6.7,63,0.9,0.21,691,1132,2013
3188,RIVER TIRACOL AT TIRACOL,1,29.6,6.3,7.6,227,1.7,0.08,3622,3612,2013
1544,"RIVER VALVANT AT SANKLI NAN BICHOLIM, 1",1,29.5,7.1,6.6,68,1.1,0.13,4124,8167,2013
2651,"AMBA RIVER AT D/S OF WAKEN BRIDGENANU/S OF JS PETROCHEMICALS, WAKENPHATA, ROHA",2,26.7,6.9,7.7,121,3.3,1,77,163,2013
1461,"BHATSA AT D/S OF PISE DAM NEAR PISE VILLAGE (ULHAS), 2",2,29.3,7.2,8.2,112,3.3,1,39,94,2013
2653,"BHATSA RIVER AT D/S OF LIBERTY OIL MILLS, SATNEL, SHAHAPUR, THANE",2,28,6.9,7.7,103,3.7,0.57,48,103,2013
2654,"BHATSA RIVER AT U/S OF LIBERTY OIL MILLS, SATNEL, SHAHAPUR, THANE",2,28.2,6.9,7.6,104,3.5,0.75,37,79,2013
1092,"KALU AT ATALE VILLAGE, 2",2,26.5,6.4,7.4,1003,4.3,2.89,524,753,2013
2670,"KAN RIVER, NEAR SAKRI WATER WORKS, SAKRI, DHULE.",2,20.7,6.3,8.3,408,2.7,1.58,64,157,2013
1152,"KUNDALIKA AT ROHA CITY, 2",2,27.2,6.7,7.8,105,3.6,1,43,89,2013
2198,KUNDALIKA RIVER AT ARE KHURD ( SALINE ZONE ),2,27.5,6.3,7.6,209,4.4,1.86,48,98,2013
2671,"KUNDALIKA RIVER NEAR SALAV BRIDGE (SALINA ZONE), SALAV, ROHA, RAIGAD",2,26,5.9,7.6,13768,5,1.79,166,300,2013
2672,"KUNDALIKA RIVER AT DHATAV AT JACKWELL (DRINKING WATER  PUMPING STATIONNANSWEET ZONE), ROHA",2,26.5,7.3,7.7,86,3.2,1,50,93,2013
2168,MITHI RIVER,2,27,3.6,7.4,6487,30.5,1.5,534,745,2013
2676,"MUCHKUNDI RIVER AT  WAKED,RATNAGIRI, NEAR M/S ASAHI INDIA GLASS LTD., LANJA, RATNAGIRI.",2,27.3,6.3,8.3,999,3.3,1.78,4,112,2013
1151,"PATALGANGA AT SHILPHATA, 2",2,28.7,7.2,7.7,125,3.3,1,39,89,2013
1462,"PATALGANGA NEAR INTAKE OF MIDC W/W, 2",2,28.4,7.1,7.5,127,3.4,4.4,17,63,2013
2685,"PATALGANGA RIVER AT D/S OF KHARPADA BRIDGE, RAIGAD.",2,28.7,7.1,7.4,5300,38,1,388,667,2013
2686,"PATALGANGA RIVER AT VYAL PUMP HOUSE , KHALAPUR, RAIGAD.",2,28.7,7.2,7.6,127,3.2,1,22,51,2013
2687,"PATALGANGA RIVER AT KHALAPUR PUMPING STATION, KHALAPUR, RAIGAD.",2,28.7,7,7.6,126,3.3,1,20,63,2013
2688,"PATALGANGA RIVER AT SAVROLI BRIDGE, KHALAPUR, RAIGAD.",2,28.7,7.2,7.6,126,3.4,1.89,29,64,2013
2689,"PATALGANGA RIVER AT GAGANGIRI MAHARAJ TEMPLE, KHOPOLI, RAIGAD.",2,28.7,7.1,7.8,112,3.2,0.63,43,88,2013
2199,SAVITRI RIVER AT OVALE VILLAGE.,2,29.3,6.8,7.7,9590,3.6,4.57,3,124,2013
2701,"SAVITRI RIVER JACKWELL AT UPSA KENDRE, NANGALWADI, MAHAD, RAIGAD",2,28.3,6.8,7.4,174,3.7,2.26,4,124,2013
2702,"SAVITRI RIVER AT SHEDAV DOH, MAHAD,RAIGAD",2,28.7,6.8,7.6,2572,3.3,4.22,4,118,2013
2703,"SAVITRI RIVER AT DADLI BRIDGE, DADLI, MAHAD, RAIGADH",2,29.2,6.7,7.8,6030,4.4,4.78,4,138,2013
2704,"SAVITRI RIVER AT MUTHAVALI VILLAGE, MAHAD, RAIGADH",2,28.7,6.8,7.7,7207,3.9,4.25,3,120,2013
2706,"SURYA RIVER, U/S OF SURYA DAM, DHAMMI, VIKRAMGAD, THANE",2,27.2,6.8,8.1,167,3.8,1,32,85,2013
2707,"SURYA RIVER AT MIDC PUMPING STATION, GARVASHET, PALGHAR, THANE",2,27.2,6.8,8,173,3.5,1,53,98,2013
2708,"SURYA RIVER AT INTAKE OF VASAINANVIRAR W/S SCHEME, MASVAN, PALGHAR, THANE",2,27.2,7,8,168,3.6,1,44,83,2013
2709,"TANSA RIVER NEAR ROAD BRIDGE, VILLAGE DAKEWALI, WADA, THANE",2,28,6.9,7.9,131,3.5,0.75,41,96,2013
1094,"ULHAS AT U/S OF BADLAPUR, 2",2,26.2,7,7.6,125,3.5,0.6,33,63,2013
2162,ULHAS RIVER ATJAMBHUL WATER WORKS.,2,26.2,7.2,7.5,132,3.3,0.9,38,88,2013
2712,"VAITARNA RIVER NEAR ROAD BRIDGE, GANDHARE VILLAGE, WADA, THANE.",2,28.2,7.2,7.7,119,3.3,1,35,68,2013
2164,VASHISTI RIVER AT U/S OF THREE M PAPER MILLS NEAR M/S MULTIFILMS PLASTIC PVT. LTD. AT KHERDI.,2,24.5,6.9,7.5,159,2.8,1,3,82,2013
2713,"VASHISHTI RIVER AT D/S OF THREE M PAPER MILLS NEAR CHIPLUN WATER INTAKE JACKWELL, KHERDI, RATNAGIRI",2,24.5,6.7,7.7,141,3.3,3,4,90,2013
2714,"VASHISHTI RIVER AT U/S OF POPHALI NEAR KONPHANSAWANE BRIDGE, CHIPLUN, RATNAGIRI",2,24.5,7.3,7.7,132,2.9,2,3,88,2013
1342,"ACHENKOIL AT THUMPAMON, 3",3,24,6.4,7.3,76,1.7,0.62,199,788,2013
1443,"ACHENKOIL AT CHENNITHULA, 3",3,24.9,6,7.1,85,1.7,0.53,262,538,2013
3465,"ACHENKOIL AT KALLARAKADAVU, PATHANAMTHITTA",3,24.3,6.3,7.1,69,1.3,0.57,248,593,2013
3466,"ACHENKOIL AT PANDALAM (NEAR AYYAPPA TEMPLE), PATHANAMTHITTA",3,24.8,6.5,7.3,76,1.6,0.55,226,545,2013
2297,R ANCHARAKANDY AT MERUVAMBA,3,26.4,6.7,6.6,60,1.2,0.34,228,435,2013
2319,R ANCHARAKANDY AT MERUVAMBA,3,27,7,6.6,3544,1.5,0.37,208,435,2013
2286,R AYROOR AT AYROOR BRIDGE,3,26.6,6.7,7.3,51,0.8,0.35,547,1567,2013
2331,R BHARATHAPUZHA AT KUTTIPPURAM,3,28.6,6.9,7.7,107,0.7,0.46,255,443,2013
2332,R BHARATHAPUZHA AT PATTAMBI,3,28.8,6.7,7.9,173,0.9,0.56,191,426,2013
1154,"CHALAKUDY AT PULICKALKANANDAVU, 3",3,28,5.6,6.9,126,1.2,0.67,266,990,2013
20,"CHALIYAR AT KOOLIMADU, 3",3,27.4,7.3,7.4,70,0.8,0.31,2984,4208,2013
21,"CHALIYAR AT CHUNGAPALLY, 3",3,27.5,6.9,7.4,12754,0.8,0.29,1807,2557,2013
3464,"CHALIYAR AT NILAMBUR, MALAPPURAM",3,26.8,7.1,7.4,80,0.6,0.5,1921,2831,2013
1572,"CHANDRAGIRI AT PADIYATHADKA, 3",3,30,7.2,6.9,62,1.3,0.11,33,150,2013
1573,"CHITRAPUZHA AT IRUMPANAM, 3",3,28.8,3.4,6.7,2965,2.3,1.11,271,1236,2013
2295,R CORAPUZHA AT KANAYANKODE,3,27.4,6.1,7.2,15871,0.9,0.25,1667,2975,2013
1564,"R ITHIKKARA AT AYUR, 3",3,24.8,6.4,7.2,120,1.9,0.77,258,618,2013
2287,R ITHIKKARA AT ITHIKKARA,3,23.6,6.2,7.2,7448,2,1.01,184,483,2013
1566,"R KADALUNDI AT THIRURANGADY, 3",3,29.8,6.6,6.9,77,1.6,0.29,264,756,2013
2293,R KADALUNDI AT HAJIRAPPALLY,3,30.2,6.8,7,72,1.7,0.2,249,785,2013
2337,R KADAMBAYAR AT BRAHMAPURAM,3,28.2,2.9,6.7,305,2.2,1.28,403,1623,2013
2338,R KADAMBAYAR AT MANCKAKADAVU,3,27.7,3,6.6,86,2,0.39,357,1319,2013
42,"KALLADA AT PERUMTHOTTAMKADAVU, PUNALOOR, 3",3,23.9,6.7,7.1,79,1.6,0.34,313,738,2013
2294,R KALLAI AT KALLAI BRIDGE,3,27.4,3.6,7.3,32790,2.6,0.59,64259,112867,2013
3460,"KALPATHI PUZHA AT KALPATHI, PALAKKAD",3,27.8,6.1,7.8,2905,1.3,0.54,422,997,2013
3458,KARAPUZHA DAM AT WAYANAD,3,26.4,6.9,7.4,112,0.5,0.35,50,67,2013
1571,"R KARINGODE AT KAKKADAVU,  3",3,29.6,7,6.9,51,1.1,0.18,44,317,2013
1155,"KARAMANA AT MOONNATTUMUKKU, 3",3,27,3.1,7.2,1416,13.2,4.41,2992,19917,2013
3471,"RIVER KARAMANA AT ARUVIKARA, THIRUVANANTHAPURAM",3,26.3,7,7.1,30,0.5,0.32,211,496,2013
2289,R KARUVANNURR AT KARUVANNUR BRIDGE,3,30,6.1,7,59,1.8,0.58,89,282,2013
2301,R KAVVAI AT KUTTIYOL PALAM,3,28,6,6.4,61,2.1,0.28,87,300,2013
2291,R KEECHERI AT VADAKKANCHERY BRIDGE,3,30.1,6.3,7,105,2.8,0.37,142,543,2013
2326,R KORAYAR AT KANJIKODE,3,27.9,6.9,8.1,502,0.9,0.72,382,615,2013
1569,"R KUPPAM AT THALIPARAMBA, 3",3,27,5.9,6.7,14662,1.5,0.52,144,377,2013
2298,R KUPPAM AT RAYAROM,3,26,7.8,6.8,49,1.4,0.3,122,319,2013
1567,"R KUTTIYADE AT KUTTIYADY ESTATE, 3",3,27.7,7.1,7.4,380,1,0.14,1527,66382,2013
1568,"R MAHE AT VALAYAM, 3",3,27.1,7.3,7.2,67,0.9,0.38,6490,3471,2013
2285,R MAMOM AT MAMOM BRIDGE,3,26.5,6.2,7.2,51,0.8,0.23,331,942,2013
1340,"MANIMALA  AT KALLOOPARA, 3",3,28.5,7.2,6.8,69,1.2,0.45,706,941,2013
1384,"MANIMALA AT THONDRA, 3",3,28.7,6.9,6.7,75,2.5,0.4,526,701,2013
3459,"MANIYANKODE PUZHA AT MANIYANKODE BRIDGE, WAYANAD",3,25.7,6.3,7.4,113,0.6,0.88,98,128,2013
2307,R MANJESWAR AT BAJRAKKARA BR.,3,29.3,7.6,6.8,79,1.6,0.31,48,109,2013
1339,"MEENACHIL AT KIDANGOOR, 3",3,27,7,7.2,57,0.6,0.46,2117,3558,2013
2304,R MOGRAL AT MOGRAL BR.,3,30.9,5.9,7,22576,1.5,0.35,42,253,2013
43,"MUVATTAPUZHA AT VETTIKKATTUMUKKU, 3",3,27.1,6.8,7.2,105,0.6,0.39,1200,2392,2013
2302,R NEELASWARAM AT NAMBIARKAL DAM,3,30.3,6.3,6.7,2315,1.3,0.17,55,278,2013
1570,"R NEELESWARAM AT HOSDURG, 3",3,30.4,6.4,6.9,18569,1,0.27,40,277,2013
1563,"R NEYYAR AT AMARAVILA, 3",3,26.2,6.6,7.3,45,0.6,0.39,228,940,2013
2284,R NEYYAR AT ARUVIPURAM,3,26.2,6.9,7.2,42,0.5,0.18,151,774,2013
2288,R PALLICKAL AT NELLIMUKAL,3,25.1,6,7.3,92,1.7,0.56,256,597,2013
1156,"PAMBA AT CHENGANNUR, 3",3,27.4,6.1,7.2,59,0.7,1.04,181,311,2013
1341,"PAMBA AT THAKAZHY, 3",3,28.1,4.5,6.9,1190,0.7,1.17,218,388,2013
1565,"PAMBA DOWN, 3",3,28.3,4.2,7,69,0.6,1.04,240,420,2013
17,"PERIYAR NEAR ALWAYENANELOOR, 3",3,28.2,6,7,5569,2.2,0.68,473,1894,2013
18,"PERIYAR AT KALADY, 3",3,27.2,7.3,7,34,1,0.27,234,927,2013
1338,"PERIYAR AT SEWAGE DISCHARGE POINT, 3",3,27.4,6.3,7,44,1.6,0.32,487,1876,2013
2333,RIVER PERIYAR AT MUPPATHADAM,3,28.2,6.4,7.2,49,1.4,0.23,362,1357,2013
2334,RIVER PERIYAR AT PATHALAM,3,27.9,5.9,7,3272,2.2,0.62,330,1284,2013
2335,R PERIYAR AT KALAMASSERY,3,27.3,4.6,7,65,1.7,0.28,631,1937,2013
2336,R PERIYAR AT PURAPPALLIKAVU,3,28.2,6.5,6.9,4650,2,1,340,1573,2013
3468,"PERIYAR AT KWA INTAKENAN ALUVA, ERNAKULAM",3,28.2,6.5,7,42,1.4,1,249,1221,2013
2300,R PERUVAMBA AT CHANDAPPURA,3,26.7,6.4,6.4,45,1.2,1,142,376,2013
2303,R PULLUR AT PULLUR BR.,3,28,6,6.1,56,1.2,0,136,438,2013
2290,R PUZHACKAL AT PUZHACKAL BRIDGE,3,29.7,5.3,6.8,99,2.8,0.79,106,523,2013
2299,R RAMAPURAM AT RAMAPURAM BRIDGE,3,28.2,3.6,6.5,22131,1.8,0.95,105,261,2013
2305,R SHRIYA AT ANGADIMOGARU,3,28.9,6.9,6.7,66,1.8,0,93,205,2013
2296,R THALLASSERY AT PATHIPPALAM,3,26.4,6,6.6,67,1.5,3.69,168,398,2013
2292,R THIRUR AT THALAKKADATHUR BRIDGE,3,30,4.9,6.8,9107,1.6,1,208,614,2013
2306,R UPPALA AT  UPPALA BR.,3,30.8,6.3,7,18931,1.4,1,34,201,2013
3473,"RIVER VALAPATTANAM AT PARASSINIKADAVU, KANNUR",3,27.8,6.6,6.8,15525,1.1,0.06,149,347,2013
1442,"VAMANAPURAM, 3",3,26.7,7.1,7.5,46,0.8,1,239,1097,2013
1448,"NAGAVALLI AT THOTAPALLI REGULATOR, A.P.",4,27,6,7.3,432,1.2,3,3,78,2013
2352,"RIVER VAMSHADHARA, KALINGAPATNAM,VIZIANAGARAM",4,26.8,6.1,7.7,328,1.2,1,3,211,2013
3080,"U/S OF KARAKAVAGU AT PALONCHA,  KHAMMAM, A.P.",4,19,5.8,7.8,707,0.6,0.85,2,1100,2013
3081,"D/S OF KARAKAVAGU AT PALONCHA,  KHAMMAM, A.P.",4,21.4,6.1,8,674,0.9,1,2,1260,2013
1444,"KALI AT D/S WEST COAST PAPER MILL, 5",5,27.1,7.3,7.3,164,2.3,1,115,336,2013
2780,"KALI AT U/S OF WCPM, DANDELI, 5",5,26.3,7.6,7.4,122,2.4,1,223,834,2013
1894,KUMARADHARA NAN U/S OF UPPINAGADY TOWN BEFORE CONFLUENCE WITH RIVER NETHRAVATHI,5,28.3,6.5,7.1,95,1,0,156,212,2013
1892,NETRAVATHI U/S OF DHARMASTALA AT WATER SUPPLY INTAKE POINT,5,27.9,6.5,7.1,56,1,0,30,79,2013
2423,"BUDHABALANGA, D/S OF BARIPADA TOWN",18,23.4,7.5,7.8,237,1.4,0.89,8281,18918,2013
2424,BUDHABALANGA AT BALASORE D/S,18,23.5,7.6,7.6,3688,2.3,2.66,19264,32918,2013
2425,"RIVER KERANDI(INTAKE WELL OF NALCO REFINARY, HAL, SUNABEDA)",18,22.4,7.3,7.5,82,1.2,1.58,15816,17512,2013
2422,"NAGAVALLI AT PENTA U/S, JAYKAYPUR TOWN",18,26.8,7.5,8,202,1.4,1.89,11771,23191,2013
1642,"NAGAVALLI AT JAYKAYPUR D/S, 18",18,26.5,7.3,7.9,232,2.9,2.23,9026,30836,2013
1643,"NAGAVALLI AT RAYAGADA D/S, 18",18,22,7.4,7.9,246,2.3,1.9,1850,3900,2013
1455,"RUSHIKULYA AT GANJAM U/S, 18",18,27.6,6.9,8.1,3960,2,2.26,19058,22523,2013
1456,"RUSHIKULYA AT GANJAM D/S, 18",18,26.8,7,8,28222,1.8,2.54,16613,10469,2013
2426,VANSADHARA AT MUNIGUDA (D/S OF M/S VEDANTAALUMINA PROJECT),18,25.6,7.2,7.8,201,1.3,1.59,29937,31034,2013
2427,VANSADHARA ATGUNUPUR (INTERSTATE BOUNDRY),18,26.5,7.3,8,221,1.2,2.26,16103,5289,2013
1685,"ARASALAR RIVER KARAIKAL REGION, 7",7,24,NAN,7.8,NAN,1,1,NAN,NAN,2013
2442,GAUTAMINANGODAVARI RIVER,7,28,8,7.7,401,NAN,1,NAN,NAN,2013
2443,GAUTAMINANGODAVARI RIVER,7,28,8,8.2,1886,4,1,NAN,NAN,2013
2444,CORINGA RIVER,7,28,7,8.2,742,5,1,NAN,NAN,2013
2445,MAHE RIVER,7,27,7,6.4,149,4,1,NAN,NAN,2013
1450,"PALAR AT VANIYAMBADI WATER SUPPLY HEAD WORK, 8",8,27.8,6.7,7.5,1088,1.7,0,194,474,2013
1159,"TAMBIRAPARANI AT BDG.NR. MADURA COATS LTD.PAPAVINASAM,8",8,23.4,7.2,6.5,73,3.1,0,19,59,2013
1160,"TAMBIRAPARANI AT CHERANMADEVI,CAUSE WAY,8",8,25.4,6.7,6.3,98,3.3,1.5,21,74,2013
1161,"TAMBIRAPARANI AT TIRUNELVELI,COLLECTORATE,8.",8,26.3,6.3,6.5,143,4,4,38,124,2013
1162,"TAMBIRAPARANI AT MURAPPANADU, 8",8,29,6.6,6.9,260,5.4,1,17,53,2013
1328,"TAMBIRAPARANI AT PAPPANKULAM,8",8,24.6,7.1,6.3,71,3.5,1,24,82,2013
1329,"TAMBIRAPARANI AT RAIL BDG. NR. AMBASAMUDAM, 8",8,23.5,6.9,6.3,65,3.5,0,17,52,2013
1330,"TAMBIRAPARANI AT ARUMUGANERI, 8",8,29,7.3,7.1,607,3.6,0.88,33,104,2013
3025,"TAMBIRAPARANI AT ERAL, THOTHUKUDI, 8",8,27,6.1,7,446,5.2,0.56,26,77,2013
3026,"TAMBIRAPARANI AT KALLIDAI KURICHI, TIRUNELVELI, 8",8,24,6.9,6.4,94,3.2,1.59,20,65,2013
3027,"TAMBIRAPARANI AT SRIVAIKUNTAM, D/S OF SK ANAICUT, TIRUNELVELI, 8",8,28.7,6.8,6.8,451,9.4,0.55,22,58,2013
3028,"TAMBIRAPARANI AT VELLAKOIL, TIRUNELVELI, 8",8,26.3,6,6.6,169,3.9,2,22,84,2013
3029,"TAMBIRAPARANI AT SIVALAPERI, CONFLUENCE POINT OF KUTTRALAM FALLS, D/S OF PALAYAMKOTTAI, TIRUNELVELI, 8",8,25.7,6.5,6.7,187,3.3,3,32,113,2013
3023,"VASISTA AT SALEM, D/S OF SAGO INDUSRIES EFFLUENT, 8",8,26.8,3.4,7.8,2577,164.9,1.5,148825783,160405392,2013
1023,"GHAGGAR AT MUBARAKPUR REST HOUSE (PATIALA), 10",10,23.3,5.5,7.2,636,9.7,4,1328,4975,2013
1024,"GHAGGAR AT 100M D/S CONF. WITH R. SARASWATI (PATIALA),10",10,22.8,4.7,7.3,1088,23.8,4,28250,56000,2013
1295,"GHAGGAR NEAR BANKARPUR,DERA BASSI,10",10,23.3,5.3,7.2,689,11.3,4,1350,6025,2013
1473,"GHAGGAR AT RATANHERI, D/S OF PATIALA NADI (AFTER CONFL.), 10",10,21.8,4.9,7.3,1267,23.5,3,24750,54250,2013
1698,"D/S CHHATBIR, 10",10,24.3,5.3,7.4,852,13,4,13775,26750,2013
1699,"U/S DHAKANSU NALLAH, 10",10,23.5,4.9,7.5,977,16.5,5,12375,30500,2013
1700,"D/S DHAKANSU NALLAH, 10",10,24,4.4,7.4,1256,24.8,6,25250,55250,2013
1701,"D/S JHARMAL NADI, 10",10,23.5,4.8,7.2,1021,20.3,4,22875,43700,2013
1702,"U/S JHARMAL NADI, 10",10,23.3,5.1,7.3,971,14.8,5,2125,8425,2013
1703,"GHAGGER AT MOONAK, 10",10,22.5,4.6,7.4,1284,24.3,4,21500,50000,2013
1704,"D/S SARDULGARH, 10",10,26,4,7.4,1096,26,3,31750,57500,2013
1705,"U/S SARDULGARH, 10",10,25.8,4.4,7.3,1002,21.5,4,21000,43750,2013
1025,"GHAGGAR GHNAN1 AT ROAD BRDG. SIRSA,DEBWALI ROAD,9",9,NAN,NAN,6.9,910,13,0,NAN,NAN,2013
1026,"GHAGGAR GHNAN2 AT CHANDARPUR SYPHON,  9",9,NAN,NAN,6.5,930,15,0,NAN,NAN,2013
1884,RIVER GHAGGAR AT D/S OF SURAJPUR,9,NAN,5,7.3,NAN,33.9,0,NAN,NAN,2013
1887,GHAGGAR BEFORE OTTU WEIR (BEFORE MIXING OF SATLUJ CANAL WATER) (9),9,NAN,NAN,6.7,960,18,0,NAN,NAN,2013
1718,"GAGGAR RIVER WHEN ENTERING IN 11 FROM 9 NEAR RD NO. 629, 11",11,30.7,4.8,7.6,295,0.8,0,4,9,2013
1871,"RIVER MARKANDA AT PAONTA, DISTT. SIRMOUR, H.P.",12,20.3,7.1,7.5,293,1.3,0,9,19,2013
2624,MARKANDA U/S KALA AMB,12,20.7,7.1,7.5,316,1.4,0,13,22,2013
2625,MARKANDA D/S KALA AMB/ BOUNDARY OF 9,12,20.8,6.6,7.5,274,1.6,0,14,24,2013
1870,"RIVER SUKHANA AT PARWANOO, DISTT. SOLAN, H.P.",12,20.6,4.9,7.4,407,16.3,0,51,120,2013
2947,"RIVER JAWAI AT JAWAI DAM, SIROHI, 11",11,28,4.9,8.3,603,1,0,4,5,2013
1717,"KODRA DAM, MOUNT ABU, 11",11,23.4,5.5,7.4,138,0.8,0,4,6,2013
2948,"RIVER BANDI AT HEMAWAS DAM, PALI, 11",11,25.3,5.5,8.1,625,1.1,0,4,6,2013
1719,"GAGGAR RIVER D/S HANUMANGARH NEAR 2 KNJ NAI ABADI, MAKKASR, 11",11,31.1,5,7.3,305,1.7,0,4,12,2013
2949,"RIVER LUNI AT RANAKPUR DAM, RANAKPUR, PALI, 11",11,26.3,5.6,8.1,552,1.1,0,4,6,2013
3305,"RIVER BANJAR AT MALANJKHAND NEAR W/S INTAKE POINT, JABALPUR",19,22,7.3,7.3,402,2.1,0,4,32,2013
3383,"BUGI RIVER AT MIBANPARA, SOUTH GARO HILLS",13,24.4,7.2,7.3,99,2.2,1,26,57,2013
3384,"BUGI RIVER AT DALU, SOUTH GARO HILLS",13,23.7,7.2,7.4,102,2.2,1,25,56,2013
3380,"DAMRING RIVER (KRISHNEI RIVER) AT RESUBELPARA, EAST GARO HILLS",13,24.6,7.6,7.2,72,1.8,2.56,24,57,2013
1632,"GANOL RIVER TURA, 13",13,23.1,7.1,7.5,131,2.2,3.2,239,413,2013
1428,"KYRHUKHLA NEAR SUTNGA KHLIERIAT,JAINTIA HILLS DT.,13",13,21.7,5.2,2.9,682,7.8,1.5,16,30,2013
3369,"KYNSHI RIVER AT SOHIONG, WEST KHASI HILLS",13,18.2,7.3,7.1,47,1.3,2,15,48,2013
3370,"KYNSHI RIVER AT NANGKHNUM, WEST KHASI HILLS",13,18.8,7.6,7.2,52,1.2,2,16,36,2013
3371,"KYNSHI RIVER AT RANIKOR, WEST KHASI HILLS",13,23.8,8,6.9,64,1.8,3.38,23,49,2013
3372,RILANG RIVER,13,17.8,7.9,7.3,46,1.4,1,12,29,2013
3373,WAH BLEI,13,18.7,7.4,7.2,53,1.9,3,14,32,2013
3374,WAH BLEI,13,18.8,7.7,7.2,55,1.6,3,15,63,2013
3375,LUKHA RIVER,13,21.3,6.8,2.7,1074,3.2,2.33,4,11,2013
3376,LUKHA RIVER,13,22.6,7.1,6.5,237,3.8,4.56,674,1072,2013
3381,"MANDA RIVER (DUDHAI RIVER) AT JAMPA, EAST GARO HILLS",13,25.2,7.8,7.2,50,1.6,1.77,20,41,2013
3382,"MANDA RIVER (DUDHAI RIVER) AT WAGAISI, EAST GARO HILLS",13,24.8,7.3,7.3,71,2,2.66,21,47,2013
3377,"MYNTANG RIVER AT NARTIANG, JAYANTIA HILLS",13,19.9,7.3,7,91,1.8,3.3,20,45,2013
3378,"MYNTANG RIVER AT MYNSO, JAYANTIA HILLS",13,20.7,7.4,7.1,49,1.7,2.44,19,42,2013
1631,"MYNTDU RIVER JOWAI, 13",13,20.6,6.5,7.1,99,2.7,3.56,1967,2722,2013
3379,"MYNTDU RIVER AT LESHKA, JAYANTIA HILLS",13,21.5,7.5,5.7,50,1.5,2.21,10,23,2013
3367,"NONBAH RIVER AT NANGSTOIN MARKE, WEST KHASI HILLS",13,17.7,5.8,6.9,68,3.1,4.9,197,463,2013
3368,"NONBAH RIVER AT NANGSTOIN MARKE, WEST KHASI HILLS",13,17.9,6.9,7.2,44,1.4,2.66,14,33,2013
1633,"SIMSANG RIVER WILLIAMNAGAR, 13",13,23.9,7.8,7.3,93,1.9,2.99,264,444,2013
3353,"UMIAM MAWPHLANG RIVER AT NONGKREM, EAST KHASI HILLS",13,18,6.6,7,66,2.3,4,29,63,2013
3354,"UMIAM MAWPHLANG RIVER AT UMTYNGNGAR, EAST KHASI HILLS",13,18.4,7.6,7.1,53,1.7,3,23,53,2013
3355,"UMIAM MAWPHLANG RIVER AT MAWPHLANG, EAST KHASI HILLS",13,18.8,7.8,7,47,1.4,2,8,35,2013
3356,"UMIAM MAWPHLANG RIVER AT SHELLA, EAST KHASI HILLS",13,24.8,7.7,7.4,128,1.6,3.32,25,56,2013
3350,UMKHEN AT WAHKDAIT,13,19.3,7.1,7,54,1.8,2.58,20,43,2013
3351,UMKHEN AT KSEHPONGDENG,13,20.6,7.4,7,69,1.6,3.3,17,87,2013
3352,"UMKHEN RIVER AT DIENGPASOH, EAST KHASI HILLS",13,20.7,7.5,7.2,58,1.6,2.25,21,46,2013
3359,"UMKHRAH RIVER AT DEMTHRING, SHILLONG",13,18.4,3.1,7.2,401,21.8,19,22556,31444,2013
3360,"UMKHRAH RIVER ATUMKALIAR, SHILLONG",13,19.1,4.7,7.2,202,13.6,15,13444,20056,2013
3361,"UMKHRAH RIVER ATMAWLAI, SLAUGHTER",13,19.7,2.1,7.2,303,37.2,18.2,39444,62333,2013
3362,"UMKHRAH RIVER AT MAWPDANG, MAWLAI",13,20.1,1.8,7.2,394,40.6,15.4,57222,96944,2013
3357,"UMNGOT RIVER AT SMIT, EAST KHASI HILLS",13,17.6,7.2,6.9,55,1.7,3.04,26,56,2013
3358,"UMNGOT RIVER AT DAWKI, EAST KHASI HILLS",13,22.7,7.9,7.1,55,1.2,3.55,23,50,2013
3363,"UMSHYRPI RIVER AT RISA COLONY, EAST KHASI HILLS",13,17.9,6.9,6.9,52,2.2,3.48,1576,45,2013
3364,"UMSHYRPI RIVER AT LAW COLLEGE, DHANKETI, EAST KHASI HILLS",13,18.9,1.9,7,306,34.2,17.9,48278,85667,2013
3365,"UMSHYRPI RIVER AT UMSHYRPI BRIDGE, EAST KHASI HILLS",13,19.4,4.5,7.1,196,15.5,11,48611,43333,2013
1427,"UMTREW AT BYRNIHAT EAST, 13",13,23.7,7.2,7.1,107,6.7,5.56,303,476,2013
3366,"UMTREW RIVER AT UMRAN, RINAN BHOI",13,22.7,7.5,7,82,2.1,3.02,45,122,2013
2050,TLAWNG UPSTREAM AIZAWL,14,23.6,7.1,7.5,189,1.9,1,NAN,NAN,2013
2051,TLAWNG DOWNSTREAM AIZAWL,14,23.8,7,7.6,197,1.8,1,NAN,NAN,2013
2052,TUIRIAL UPPER CATCHMENT,14,23.5,7.2,7.9,158,1.9,0.95,NAN,NAN,2013
2053,TUIRIAL LOWER CATCHMENT,14,23.5,6.5,7.8,161,1.8,0.99,NAN,NAN,2013
1403,"GUMTI AT U/S SOUTH 15,15",15,27.4,6.6,7.7,165,1.7,0,280,325,2013
1404,"GUMTI AT D/S SOUTH 15, 15",15,21.9,6.7,7.8,167,4.8,1,440,520,2013
1726,"CHANDRAPUR, AGARTALA D/S OF HAORA RIVER, 15",15,27.5,6.6,7.7,183,3.7,1.55,415,575,2013
1393,DAMANGANGA AT D/S OF MADHUBAN,16,31,7.1,7.8,151,8,0.08, , ,2012
1150,DAMANGANGA AT KACHIGAON U\S AT GIDC WIER,17,28,7.2,7.4,319,0.7,0.18,5,10,2012
1865,RIVER DHADAR AT KOTHADA,17,27,6.2,8.4,894,9,0.38,140,350,2012
1434,AMLAKHADI AFTER CONFL. OF W. WATER FROM ANKLESHWAR,17,30,2.2,8,1835,17.9,0.86,10478,25478,2012
1980,AMLAKHADI AT PUNGAM ANKLESHWAR DISTT BHARUCH,17,31,2,7.7,3165,32.3,3.44,11498,15173,2012
1149,KOLAK AT PATALIA BDG,17,29,2.4,7.6,1500,6.2,1.31,3,13,2012
1399,ZUARI AT D/S OF PT. WHERE KUMBARJRIA CANAL JOINS,1,31,5.9,7.2,52,2.1,0.08, ,90,2012
1475,ZUARI AT PANCHAWADI,1,30,6.1,6.8,408,1.3,0.17,1300,3808,2012
3181,RIVER ZUARI AT BORIM BRIDGE,1,30,5.5,6.9,143,1.3,0.09,4100,11113,2012
3182,RIVER ZUARI AT MARCAIM JETTY,1,29,5.4,7.2,60,1.5,0.08,428,2309,2012
1400,MANDOVI AT NEGHBOURHOOD OF PANAJI,1,29,5.8,7.2,34,5.3,0.17,855,3322,2012
1476,"MANDOVI AT TONCA, MARCELA",1,29,5.9,6.7,125,1.5,0.14,1638,5793,2012
3185,MANDOVI AT AMONA BRIDGE,1,28,6.4,6.7,175,1.3,0.1,772,3636,2012
3186,RIVER MANDOVI AT IFFI JETTY,1,30,6.2,7.7,39,1.3,0.06,1296,4517,2012
3187,MANDOVI NEAR HOTEL MARRIOT,1,30,6.1,7.8,39,1.5,0.06,1032,5840,2012
1543,KALNA AT CHANDELNAN PERNEM,1,27,7.3,6.9,61,0.7,0.09,1430,4388,2012
1548,RIVER ASSONORA AT ASSONORA,1,28,6.8,6.6,71,1.5,0.14,2495,3949,2012
2276,"BICHOLIM VARAZAN NAGAR, BICHOLIM",1,29,7.4,6.5,129,2.3,0.49,5868,16691,2012
2275,"RIVER CHAPORA NEAR ALORNA FORT ,PERNEM",1,28,7,6.8,503,1.6,0.66,965,2404,2012
3189,RIVER CHAPORA AT SIOLIM,1,29,6.3,7.5,31,1.6,0.06,1466,4267,2012
1546,KHANDEPAR AT OPA NAN PONDA,1,29,7.1,6.8,70,0.8,0.17,716,3567,2012
2270,"KHANDEPAR AT CODLI NR BDG, U/S OPA WATERWORKS,SANGUEM",1,30,7.3,6.8,69,1.2,0.12,457,2446,2012
2272,"RIVER KUSHAWATI NEAR BUND AT KEVONA,RIVON,SANGUEM",1,28,6.7,6.6,118,1,0.22,1104,3496,2012
1545,RIVER MADAI AT DABOS NAN  VALPOI,1,28,7.4,6.8,80,1.3,0.06,274,1404,2012
2274,RIVER MAPUSA ON CULVERT ON HIGHWAY MAPUSANANPANAJI,1,29,4.5,6.6,250,2.4,0.16,1572,5889,2012
2271,"SAL PAZORKHONI, CUNCOLIM (NEAR CULVERT MARGAONAN CANACONA NATIONAL HIGHWAY)",1,28,6.1,6.9,74,1.8,0.19,1074,3937,2012
2273,"RIVER SAL NEAR HOTEL LEELA MOBOR,CAVELOSSIM",1,30,5.9,7.3,44,1.6,0.14,962,2794,2012
3183,"SAL AT KHAREBAND, MARGAO",1,30,2.4,6.5,195,4.8,0.35,7980,14217,2012
3184,"SAL AT ORLIM BRIDGE, ORLIM",1,31,4,6.8,207,1.8,0.34,818,2280,2012
3190,RIVER SINQUERIM (CANDOLIM SIDE NEAR BRIDGE),1,29,5.4,7.6,40,1.6,0.07,290,1330,2012
3191,RIVER SINQUERIM NEAR NERUL TEMPLE,1,30,5.3,7.6,41,1.4,0.08,952,2517,2012
1547,RIVER TALPONA AT CANACONA,1,29,7,6.9,54,0.8,0.21,667,3059,2012
3188,RIVER TIRACOL AT TIRACOL,1,29,5.9,7.7,44,2.1,0.08,1200,831,2012
1544,VALVANT AT SANKLI NAN BICHOLIM,1,29,7.1,6.5,60,1.7,0.13,2926,8163,2012
2651,"AMBA AT D/S OF WAKEN BRIDGENANU/S OF JS PETROCHEMICALS, WAKENPHATA, ROHA",2,29,6.9,7.7,99,3.3,0.56,53,123,2012
1461,BHATSA AT D/S OF PISE DAM NEAR PISE VILLAGE (ULHAS),2,30,6.6,7.9,123,3.2,0.52,44,104,2012
2653,"BHATSA AT D/S OF LIBERTY OIL MILLS, SATNEL, SHAHAPUR,THANE",2,27,6.6,7.7,220,3.6,0.65,25,77,2012
2654,"BHATSA AT U/S OF LIBERTY OIL MILLS, SATNEL, SHAHAPUR, THANE",2,27,6.8,7.7,219,3.4,0.63,23,75,2012
1092,KALU AT ATALE VILLAGE,2,27,4.8,7.2,5429,8.4,2.08,177,408,2012
2670,"KAN RIVER, NEAR SAKRI WATER WORKS, SAKRI, DHULE.",2,23,6.4,8,493,4.2,3.91,17,68,2012
1152,KUNDALIKA AT ROHA CITY,2,29,6.8,7.6,100,3,0.54,124,295,2012
2198,KUNDALIKA RIVER AT ARE KHURD ( SALINE ZONE ),2,29,6.7,7.5,316,4.6,0.6,47,132,2012
2671,"KUNDALIKA RIVER NEAR SALAV BRIDGE (SALINA ZONE), SALAV, ROHA, RAIGAD",2,28,5.8,7.9,37227,9.5,1.42,231,451,2012
2672,"KUNDALIKA AT DHATAV AT JACKWELL (DRINKING WATER  PUMPING STATIONNANSWEET ZONE), ROHA",2,29,6.9,7.7,84,3.1,0.42,69,168,2012
2168,MITHI RIVER,2,25,4.9,7.6,21254,55.5,2.18,560,964,2012
2676,"MUCHKUNDI RIVER AT  WAKED, NEAR M/S ASAHI INDIA GLASS LTD., LANJA, RATNAGIRI.",2,28,6.9,7.9,312,2.7,1.58,4,107,2012
1151,PATALGANGA AT SHILPHATA,2,29,6.8,7.5,146,3,0.6,124,241,2012
1462,PATALGANGA NEAR INTAKE OF MIDC W/W,2,29,6.7,7.3,127,2.9,0.59,100,209,2012
2685,"PATALGANGA RIVER AT D/S OF KHARPADA BRIDGE, RAIGAD.",2,29,5.6,6.9,432,4.5,1.72,58,173,2012
2686,"PATALGANGA RIVER AT VYAL PUMP HOUSE , KHALAPUR, RAIGAD.",2,29,6.5,7.3,126,3,0.59,132,284,2012
2687,"PATALGANGA RIVER AT KHALAPUR PUMPING STATION, KHALAPUR, RAIGAD.",2,30,7.1,7.5,128,3,0.6,136,297,2012
2688,"PATALGANGA RIVER AT SAVROLI BRIDGE, KHALAPUR, RAIGAD.",2,30,6.4,7.3,129,3.1,0.6,68,191,2012
2689,"PATALGANGA AT GAGANGIRI MAHARAJ TEMPLE, KHOPOLI, RAIGAD.",2,29,6.9,7.7,129,2.9,0.55,135,268,2012
2696,"PEHLAR DAM ON PEHLAR INLET OF WATER WORKS, VASAI, THANE.",2,25,7,7.9,153,2.9,0.55,30,86,2012
2199,SAVITRI RIVER AT OVALE VILLAGE.,2,30,6.4,7.6,10165,3.7,2.14,5,139,2012
2701,"SAVITRI JACKWELL AT UPSA KENDRE, NANGALWADI, MAHAD, RAIGAD",2,30,6.9,7.7,307,2.8,3.6,4,123,2012
2702,"SAVITRI RIVER AT SHEDAV DOH, MAHAD,RAIGAD",2,31,6.3,7.7,322,3.5,1.1,4,116,2012
2703,"SAVITRI RIVER AT DADLI BRIDGE, DADLI, MAHAD, RAIGADH",2,30,6.5,7.5,5835,3.4,1.72,4,126,2012
2704,"SAVITRI RIVER AT MUTHAVALI VILLAGE, MAHAD, RAIGADH",2,30,6.3,7.4,9245,4.7,2,4,134,2012
2706,"SURYA RIVER, U/S OF SURYA DAM, DHAMMI, VIKRAMGAD, THANE",2,28,6.5,8.1,1907,4,0.55,46,115,2012
2707,"SURYA AT MIDC PUMPING STN, GARVASHET, PALGHAR, THANE",2,28,7,8,1896,3.5,0.64,190,245,2012
2708,"SURYA RIVER AT INTAKE OF VASAINANVIRAR W/S SCHEME, MASVAN, PALGHAR, THANE",2,28,7,8,206,2.9,0.56,31,74,2012
2709,"TANSA RIVER NEAR ROAD BRIDGE, VILLAGE DAKEWALI, WADA, THANE",2,27,6.8,7.8,239,3.3,0.56,33,77,2012
1093,ULHAS AT U/S OF NRC BUND AT MOHANE,2,27,6.4,7.6,152,3.2,0.96,62,142,2012
1094,ULHAS AT U/S OF BADLAPUR,2,26,6.7,7.7,146,3,0.89,30,73,2012
2162,ULHAS ATJAMBHUL WATER WORKS,2,27,6.7,7.6,137,2.9,0.76,24,64,2012
2712,"VAITARNA NR RD BDG, GANDHARE VILLAGE, WADA, THANE.",2,28,6.6,7.8,228,3.5,0.57,30,79,2012
2164,VASHISTI AT U/S OF THREE M PAPER MILLS NEAR M/S MULTIFILMS PLASTIC PVT. LTD. AT KHERDI.,2,23,7,7.7,409,2.4,0.93,4,112,2012
2713,"VASHISHTI  AT D/S OF THREE M PAPER MILLS NR CHIPLUN WATER INTAKE JACKWELL,KHERDI,RATNAGIRI",2,22,6.8,7.6,263,2.9,0.81,4,123,2012
2714,"VASHISHTI RIVER AT U/S OF POPHALI NEAR KONPHANSAWANE BRIDGE, CHIPLUN, RATNAGIRI",2,23,6.9,7.5,338,2.3,3.93,4,108,2012
1342,ACHENKOIL AT THUMPAMON,3,26,7,7.2,79,0.8,0.62,279,637,2012
1443,ACHENKOIL AT CHENNITHULA,3,26,6.6,7,67,1.1,0.53,275,670,2012
3465,"ACHENKOIL AT KALLARAKADAVU, PATHANAMTHITTA",3,26,6.6,7.3,59,0.7,0.57,281,541,2012
3466,"ACHENKOIL AT PANDALAM (NEAR AYYAPPA TEMPLE),PATHANAMTHITTA",3,26,6.2,7.3,66,0.8,0.55,303,609,2012
2297,ANCHARAKANDY AT MERUVAMBA,3,26,7.1,7,67,1,0.34,170,538,2012
2319,ANCHARAKANDY AT MERUVAMBA,3,26,7,6.7,5341,1.1,0.37,158,528,2012
2286,R AYROOR AT AYROOR BRIDGE,3,29,6.7,7.3,89,1.1,0.35,1163,2025,2012
2331,BHARATHAPUZHA AT KUTTIPPURAM,3,28,6.2,7.3,136,1,0.46,296,676,2012
2332,R BHARATHAPUZHA AT PATTAMBI,3,28,7.1,8.1,212,0.9,0.56,524,992,2012
1154,CHALAKUDY AT PULICKALKANANDAVU,3,29,6.3,6.3,134,1.2,0.67,224,780,2012
20,CHALIYAR AT KOOLIMADU,3,26,7.3,7.2,76,0.6,0.31,468,893,2012
21,CHALIYAR AT CHUNGAPALLY,3,26,7,7.3,11041,0.9,0.29,256,503,2012
3464,"CHALIYAR AT NILAMBUR, MALAPPURAM",3,28,6.8,7.1,75,0.8,0.5,693,1169,2012
1572,CHANDRAGIRI AT PADIYATHADKA,3,29,7.4,7.2,61,0.7,0.11,54,255,2012
1573,CHITRAPUZHA AT IRUMPANAM,3,28,1.7,6.6,769,3.4,1.11,556,1717,2012
2295,R CORAPUZHA AT KANAYANKODE,3,26,6.1,7.5,14083,1.4,0.25,920,2686,2012
1564,"R ITHIKKARA AT AYUR, 3",3,26,6.6,7.2,92,0.8,0.77,332,660,2012
2287,R ITHIKKARA AT ITHIKKARA,3,25,6.6,7.2,1348,0.8,1.01,392,810,2012
1566,R KADALUNDI AT THIRURANGADY,3,29,6,6.7,95,1.2,0.29,253,680,2012
2293,R KADALUNDI AT HAJIRAPPALLY,3,29,6.6,6.8,78,1,0.2,275,626,2012
2337,KADAMBAYAR AT BRAHMAPURAM,3,28,0.6,6.7,268,4.1,1.28,400,1308,2012
2338,KADAMBAYAR AT MANCKAKADAVU,3,27,1.8,6.6,82,2,0.39,399,1410,2012
42,"KALLADA AT PERUMTHOTTAM KADAVU, PUNALOOR",3,25,7.1,7.2,61,1,0.34,251,608,2012
2294,R KALLAI AT KALLAI BRIDGE,3,26,3.9,7.6,30298,2.5,0.59,4830,7240,2012
3460,"KALPATHI PUZHA AT KALPATHI, PALAKKAD",3,27,6.6,8,310,1.1,0.54,517,783,2012
3458,KARAPUZHA DAM AT WAYANAD,3,27,7,7.1,97,0.8,0.35,45,77,2012
1571,R KARINGODE AT KAKKADAVU,3,29,7.3,7,51,0.7,0.18,65,258,2012
1155,KARAMANA AT MOONNATTUMUKKU,3,29,0.5,7.1,1717,21.2,4.41,3317,15833,2012
3471,"RIVER KARAMANA AT ARUVIKARA, THIRUVANANTHAPURAM",3,29,7,7.4,55,0.9,0.32,800,1400,2012
2289,R KARUVANNURR AT KARUVANNUR BRIDGE,3,29,6.1,6.8,67,1.1,0.58,80,394,2012
2301,R KAVVAI AT KUTTIYOL PALAM,3,27,7,6.7,61,1.3,0.28,168,248,2012
2291,KEECHERI AT VADAKKANCHERY BDG,3,30,5.2,6.9,81,1.5,0.37,71,465,2012
2326,R KORAYAR AT KANJIKODE,3,27,6.1,8,510,1.1,0.72,784,1572,2012
1569,R KUPPAM AT THALIPARAMBA,3,27,6.5,6.9,12150,1.8,0.52,711,1481,2012
2298,R KUPPAM AT RAYAROM,3,25,7.9,7.2,50,1.1,0.3,319,845,2012
1567,R KUTTIYADE AT KUTTIYADY ESTATE,3,25,7.5,6.9,34,0.9,0.14,110,256,2012
1568,"R MAHE AT VALAYAM, 3",3,26,7,7.4,72,1,0.38,496,897,2012
2285,R MAMOM AT MAMOM BRIDGE,3,29,7.3,7.3,99,0.9,0.23,1088,1788,2012
1340,MANIMALA  AT KALLOOPARA,3,27,7.5,6.9,125,1.6,0.45,970,1400,2012
1384,MANIMALA AT THONDRA,3,27,6.8,6.9,116,1.7,0.4,825,1260,2012
3459,"MANIYANKODE PUZHA AT MANIYANKODE BRIDGE, WAYANAD",3,27,5.8,7.3,107,0.9,0.88,232,343,2012
2307,R MANJESWAR AT BAJRAKKARA BR.,3,28,7.1,7.2,85,0.8,0.31,67,184,2012
1339,MEENACHIL AT KIDANGOOR,3,26,6.8,7.1,58,0.7,0.46,2010,3460,2012
2304,R MOGRAL AT MOGRAL BR.,3,29,5.7,7.3,13197,1.5,0.35,46,144,2012
43,MUVATTAPUZHA AT VETTIKKATTUMUKKU,3,27,6.7,7.1,58,1.2,0.39,964,1739,2012
2302,NEELASWARAM AT NAMBIARKAL ,3,28,7,6.9,3453,0.9,0.17,56,278,2012
1570,R NEELESWARAM AT HOSDURG,3,29,6.5,7,14369,1.3,0.27,63,175,2012
1563,R NEYYAR AT AMARAVILA,3,28,6.6,7.3,70,1.4,0.39,838,1875,2012
2284,R NEYYAR AT ARUVIPURAM,3,29,7,7.3,60,0.8,0.18,631,1813,2012
2288,R PALLICKAL AT NELLIMUKAL,3,26,6.3,7.2,97,0.8,0.56,357,880,2012
1156,PAMBA AT CHENGANNUR,3,28,6,7,63,1.1,1.04,243,493,2012
1341,PAMBA AT THAKAZHY,3,28,4.4,7.1,113,1.5,1.17,358,722,2012
1565,PAMBA DOWN,3,28,4.5,7.2,79,1,1.04,279,537,2012
17,PERIYAR NEAR ALWAYENANELOOR,3,28,5.1,6.9,1789,2.1,0.68,408,1946,2012
18,PERIYAR AT KALADY,3,27,7.5,7.2,36,1.1,0.27,282,1134,2012
1338,PERIYAR AT SEWAGE DISCHARGE POINT,3,28,6.8,7,59,1.3,0.32,648,2267,2012
2333,PERIYAR AT MUPPATHADAM,3,28,6.8,6.9,114,1.4,0.23,388,1785,2012
2334,RIVER PERIYAR AT PATHALAM,3,28,5.9,6.8,1108,2.2,0.62,386,1520,2012
2335,R PERIYAR AT KALAMASSERY,3,28,4.9,6.7,88,2.2,0.28,480,2200,2012
2336,R PERIYAR AT PURAPPALLIKAVU,3,28,6.8,6.9,1686,1.4,0.25,236,1223,2012
3468,"PERIYAR AT KWA INTAKENAN ALUVA, ERNAKULAM",3,28,7.1,6.9,45,1.2,0.29,451,1636,2012
2300,PERUVAMBA AT CHANDAPPURA,3,26,6.9,6.6,56,1.1,0.3,177,542,2012
2303,R PULLUR AT PULLUR BR.,3,28,6.5,6.3,49,1,0.22,87,323,2012
2290,R PUZHACKAL AT PUZHACKAL BRIDGE,3,29,4.9,6.6,169,2.1,0.76,250,1241,2012
2299,R RAMAPURAM AT RAMAPURAM BRIDGE,3,28,4.2,6.5,19575,1.4,0.39,210,528,2012
2305,R SHRIYA AT ANGADIMOGARU,3,28,6.9,7.1,63,0.9,0.16,152,336,2012
2296,THALLASSERY AT PATHIPPALAM,3,26,6.6,6.7,69,0.8,0.38,185,464,2012
2292,THIRUR AT THALAKKADATHUR BDG,3,29,4.5,6.6,6381,2.1,0.34,196,435,2012
2306,R UPPALA AT  UPPALA BR.,3,29,6.2,7.2,9326,1.3,0.22,61,141,2012
3473,"RIVER VALAPATTANAM AT PARASSINIKADAVU, KANNUR",3,27,6.6,7.1,15158,1.1,0.26,126,810,2012
1442,VAMANAPURAM,3,29,6.3,7.3,74,1.2,0.29,725,1813,2012
1448,NAGAVALLI AT THOTAPALLI REGULATOR,4,27,6,7.6,429,1.1,1.1,3,362,2012
2352,"RIVER VAMSHADHARA, KALINGAPATNAM,VIZIANAGARAM",4,27,6,7.8,308,1.1,1.47,3,343,2012
3080,"U/S OF KARAKAVAGU AT PALONCHA,  KHAMMAM",4,20,5.8,7.4,505,0.6,0.73,4,1517,2012
3081,"D/S OF KARAKAVAGU AT PALONCHA,  KHAMMAM",4,24,6.1,7.5,465,0.5,0.34,4,1458,2012
1444,KALI AT D/S WEST COAST PAPER MILL,5,28,6.4,7.1,183,2.3,0.62,209,398,2012
2780,"KALI AT U/S OF WCPM, DANDELI",5,27,7.1,7.4,135,1.9,0.72,419,995,2012
1894,KUMARADHARA NAN U/S OF UPPINAGADY TOWN B/C WITH RIVER NETHRAVATHI,5,32,6.7,7.2,103,1, ,11,70,2012
1892,NETRAVATHI U/S OF DHARMASTALA AT WATER SUPPLY INTAKE POINT,5,30,6.8,7.1,106,1, ,13,137,2012
2423,"BUDHABALANGA, D/S OF BARIPADA",18,22,7.8,7.9,213,1.5,0.35,7742,15083,2012
2424,BUDHABALANGA AT BALASORE D/S,18,22,7.7,8.1,312,2,0.75,12675,32017,2012
2425,"RIVER KERANDI(INTAKE WELL OF NALCO REFINARY, HAL, SUNABEDA)",18,24,6.9,7.6,99,1.6,1.39,3066,5395,2012
2422,"NAGAVALLI AT PENTA U/S, JAYKAYPUR TOWN",18,27,7.3,8,230,1.6,0.69,2346,4348,2012
1642,NAGAVALLI AT JAYKAYPUR D/S,18,26,6.8,8.1,264,2.6,1.16,2428,5142,2012
1643,NAGAVALLI AT RAYAGADA D/S,18,25,7.2,8.1,272,3.1,1.46,2196,4586,2012
1455,RUSHIKULYA AT GANJAM U/S,18,28,8,8.3,312,1.4,0.73,1618,4319,2012
1456,RUSHIKULYA AT GANJAM D/S,18,29,8.2,8,19595,2,0.94,624,1116,2012
2426,VANSADHARA AT MUNIGUDA (D/S OF M/S VEDANTAALUMINA PROJECT),18,26,7,8,199,1.8,1.11,1503,3573,2012
2427,VANSADHARA ATGUNUPUR (INTERSTATE BOUNDRY),18,28,7.2,8.1,201,1.6,0.36,1239,2324,2012
1685,ARASALAR RIVER KARAIKAL REGION,7,31,6.8,7.8,505,2.1,0.02, , ,2012
2444,CORINGA RIVER,7,25,6.5,7.9,11170,3,0.3, , ,2012
2442,GAUTAMINANGODAVARI RIVER,7,25,6.9,7.4,4990,3,0.37, , ,2012
2443,GAUTAMINANGODAVARI RIVER,7,25,6.8,8.1,1516, ,0.28, , ,2012
2445,MAHE RIVER,7,26,6,7.3,44600, ,0.23, , ,2012
1450,PALAR AT VANIYAMBADI WATER SUPPLY HEAD WORK,8,27,6.8,7.5,890,2.1,0.51,274,589,2012
1159,TAMBIRAPARANI AT BDG.NR. MADURA COATS LTD. PAPAVINASAM,8,23,7.3,7.6,160,1.9,0.06,32,89,2012
1160,"TAMBIRAPARANI AT CHERANMADEVI,CAUSE WAY",8,25,7,7.7,111,2.2,0.08,53,131,2012
1161,"TAMBIRAPARANI AT TIRUNELVELI,COLLECTORATE",8,26,6.7,7.7,139,3.1,0.22,123,300,2012
1162,TAMBIRAPARANI AT MURAPPANADU,8,29,7.2,7.2,288,2.1,0.14,33,91,2012
1328,TAMBIRAPARANI AT PAPPANKULAM,8,24,7,7.1,95,1.9,0.08,47,118,2012
1329,TAMBIRAPARANI AT RAIL BDG. ,8,24,7,7.5,84,1.7,0.06,32,87,2012
1330,TAMBIRAPARANI AT ARUMUGANERI,8,29,7.4,7,3101,15.6,0.15,76,174,2012
3025,"TAMBIRAPARANI AT ERAL, THOTHUKUDI",8,29,7.2,7.3,510,2.9,0.08,46,123,2012
3026,"TAMBIRAPARANI AT KALLIDAI KURICHI, TIRUNELVELI",8,24,7.1,7.4,88,1.8,0.07,34,90,2012
3027,"TAMBIRAPARANI AT SRIVAIKUNTAM, D/S OF SK ANAICUT, TIRUNELVELI",8,29,7.2,6.9,338,3.8,0.07,44,104,2012
3028,"TAMBIRAPARANI AT VELLAKOIL, TIRUNELVELI",8,26,6.7,7.6,162,3.3,0.16,90,249,2012
3029,"TAMBIRAPARANI AT SIVALAPERI, CONFLUENCE POINT OF KUTTRALAM FALLS, D/S OF PALAYAMKOTTAI, TIRUNELVELI",8,27,6.7,7.6,182,4.1,0.15,92,251,2012
3023,"VASISTA AT SALEM, D/S OF SAGO INDUSRIES EFFLUENT",8,32,0.2,7.2,2219,185.8,1.75,180000000,300000000,2012
1885,GHAGGAR AT D/S OF SURAJPUR,9, ,6.8,8,414,3.1,0.88, , ,2012
1023,GHAGGAR AT MUBARAKPUR REST HOUSE (PATIALA),10,21,5.5,7.4,635,8.8,5.08,1400,5500,2012
1024,GHAGGAR AT 100M D/S CONF. WITH R. SARASWATI (PATIALA),10,24,5.5,7.4,1051,25,6.8,32000,63000,2012
1295,"GHAGGAR NEAR BANKARPUR,DERA BASSI",10,21,5.3,7.3,636,9.9,5,2150,10000,2012
1473,"GHAGGAR AT RATANHERI, D/S OF PATIALA NADI (AFTER CONFL.)",10,24,5.1,7.4,993,21.9,6.63,36250,57750,2012
1698,GHAGGAR AT D/S CHHATBIR,10,21,5.3,7.5,632,13.5,5.08,20000,34750,2012
1699,GHAGGAR AT U/S DHAKANSU NALLAH,10,18,4.9,7.4,973,17.5,4.77,22000,40667,2012
1700,GHAGGAR AT D/S DHAKANSU NALLAH,10,22,4.3,7.5,1156,24.5,7.65,33750,65000,2012
1701,GHAGGAR AT D/S JHARMAL NADI,10,22,4.8,7.4,904,26,8.6,31750,55000,2012
1702,GHAGGAR AT U/S JHARMAL NADI,10,21,5.1,7.4,1110,16,14.85,3475,12000,2012
1703,GHAGGAR AT MOONAK,10,24,5.3,7.4,1290,26.9,8.1,36250,66250,2012
1704,GHAGGAR AT D/S SARDULGARH,10,22,4.9,7.4,990,27.8,6.78,19000,40500,2012
1705,GHAGGAR AT U/S SARDULGARH,10,22,5.2,7.4,914,20.5,6.18,14750,29500,2012
1025,"GHAGGAR GHNAN1 AT ROAD BRDG. SIRSA,DEBWALI ROAD",9, ,6.4,7.9,1808,21,5.9, , ,2012
1026,GHAGGAR GHNAN2 AT CHANDARPUR ,9, ,6.6,7.8,1302,18, , , ,2012
1887,GHAGGAR BEFORE OTTU WEIR (BEFORE MIXING OF SATLUJ CANAL ,9, ,6.4,8,1286,19.5, , , ,2012
1718,GAGGAR RIVER WHEN ENTERING IN 11 FROM 9 NEAR RD NO. 629,11,33,4.8,7.5,280,2.4,0.72,3,4,2012
1871,"RIVER MARKANDA AT PAONTA, DISTT. SIRMOUR",12,20,7.7,7.4,344,1.2,0.37,9,19,2012
2624,MARKANDA U/S KALA AMB,12,20,7.3,7,310,1.4,0.38,13,22,2012
2625,MARKANDA D/S KALA AMB/ BOUNDARY OF 9,12,20,7.1,7.7,303,1.5,0.34,13,23,2012
1884,KALA AMB D/S MARKANDA RIVER,9,20,3.3,7.5,1630,185,1.75, , ,2012
1870,"RIVER SUKHANA AT PARWANOO, DISTT. SOLAN",12,18,6.2,7.5,788,41.5,4.08,105,235,2012
2947,"JAWAI AT JAWAI DAM, SIROHI",11,24,6,8.3,468,1.4,0.43,5,16,2012
1717,"KODRA DAM, MOUNT ABU",11,19,5.9,7.3,234,1.5,0.36,4,12,2012
2948,"BANDI AT HEMAWAS DAM, PAL",11,23,6.4,8,527,1.2,0.35,5,21,2012
2949,"RIVER LUNI AT RANAKPUR DAM, RANAKPUR, PALI",11,24,5.9,7.9,796,1.5,0.48,4,14,2012
3305,"BANJAR AT MALANJKHAND NR W/S INTAKE POINT, JABALPUR",19,23,7.3,7.4,388,2.1,0.58, ,46,2012
2869,BARAK RIVER AT SENAPATI DISTT,20,28,8.5,7.5,166,2.7,NAN,NAN,31,2012
2838,"BARAK RIVER NR NONEY VILL., TAMENGLONG",20,29,8.9,7,125,1.9,NAN,NAN,45,2012
2868,"CHAKPIAT CHAKPIKARONG, CHANDEL",20,30,8,7.8,144,2.1,NAN,NAN,51,2012
1424,IMPHAL AT MAHABALI,20,30,7.5,7.7,87,1.2,NAN,NAN,54,2012
1457,IMPHAL AT KOIRENGEI,20,28,8.5,7.6,84,2,NAN,NAN,16,2012
1627,IMPHAL AT KYAMGEI,20,29,8.4,7.5,103,1.9,NAN,NAN,75,2012
1628,IMPHAL AT MINUTHONG,20,30,8.7,7.2,117,3.2,NAN,NAN,52,2012
2861,"IMPHAL AT KANGLA MOAT, IMPHAL WEST",20,29,6.5,7.7,287,8.2,NAN,NAN,114,2012
2862,"IMPHAL AT SAMUROU, IMPHAL WEST",20,28,8.6,7.5,130,4.6,NAN,NAN,39,2012
2864,"IMPHAL AT SEKMAI, IMPHAL EAST",20,28,8.9,7.5,109,1.2,NAN,NAN,33,2012
2874,IRANG RIVER AT TAMENGLONG ,20,30,9.8,8.4,246,1.2,NAN,NAN,10,2012
1458,IRIL AT PORAMPET,20,28,7.6,7.5,147,1.3,NAN,NAN,30,2012
1624,IRIL AT LILONG,20,29,8.7,7.6,202,1.2,NAN,NAN,60,2012
2863,"IRIL AT KANGLA SIPHAI, IMPHAL EAST",20,28,8.4,7.4,177,2.4,NAN,NAN,48,2012
2873,"IRIL RIVER AT LILONG, UKHRUL",20,29,8.7,7.6,203,2.5,NAN,NAN,59,2012
2865,"JIRI RIVER AT JIRIMUKH JIRIBAM, IMPHAL EAST",20,32,8.2,7.4,120,1.9,NAN,NAN,46,2012
2866,"JIRI RIVER AT JIRI, IMPHAL EAST",20,32,8,7.2,110,1.4,NAN,NAN,80,2012
1925,KHUGA RIVER (CHURACHANDPUR),20,30,8.4,7.6,213,1.5,NAN,NAN,20,2012
2877,"KHUGA DAM ON KHUGA R, CHURACHANDPUR",20,29,9.4,7.8,174,1,NAN,NAN,16,2012
1926,"KHUJAIROK, MOREH (CHANDEL)",20,31,8.1,8,244,2.4,NAN,NAN,73,2012
2878,LOKCHAO RIVER AT BISHNUPUR,20,29,8.1,8,162,1.8,NAN,NAN,26,2012
2867,MAHA RIVER AT CHANDEL,20,30,8.7,7.6,163,2.6,NAN,NAN,24,2012
2852,"20 AT SEKMAIJAN, THOUBAL",20,29,8.7,7.6,143,1.9,NAN,NAN,58,2012
2857,20 RIVER AT THOUBAL,20,30,9.2,7.6,208,1.9,NAN,NAN,30,2012
2879,ETHAI BARRAGE ON 20 R AT BISHNUPUR,20,29,8.3,7.7,158,2,NAN,NAN,48,2012
1625,NAMBUL RIVER AT HUMP BRIDGE,20,29,5.9,7.1,338,6.6,NAN,NAN,522,2012
1626,NAMBUL AT HEIRANGOITHONG,20,30,4.3,7.4,269,12.3,NAN,NAN,412,2012
2858,"NAMBUL RIVER AT SAMUSANG,IMPHAL WEST",20,29,8.2,7.1,109,3.3,NAN,NAN,12,2012
2859,"SINGDA DAM AT NAMBUL, IMPHAL WEST",20,28,11.1,7.6,131,3.6,NAN,NAN,32,2012
2860,"NAMBUL AT NAOREMTHONG, IMPHAL WEST",20,29,7.4,7.1,116,2.7,NAN,NAN,55,2012
2880,NAMBUL RIVER AT BISHNUPUR,20,28,8.2,7.6,112,2.1,NAN,NAN,31,2012
1927,"SEKMAI R, KAKCHING (THOUBAL)",20,29,8.5,7.5,169,3.6,NAN,NAN,41,2012
2853,"MAPITHEL DAM ON THOUBAL, THOUBAL",20,28,11.4,7.2,128,1,NAN,NAN,20,2012
2854,"THOUBAL R AT PHADOM, THOUBAL",20,29,8.9,7.6,221,1.7,NAN,NAN,30,2012
2856,"THOUBAL RIVER AT YAIRIPOK, THOUBAL",20,30,9.3,7.6,193,2.3,NAN,NAN,41,2012
2870,"THOUBAL  AT SHONG KONG, UKHRUL",20,28,9.1,7.3,217,3.9,NAN,NAN,67,2012
2871,"THOUBAL  AT YONGUL KONG, UKHRUL",20,28,7.9,7.3,131,0.8,NAN,NAN,38,2012
2872,"THOUBAL AT LITAN, UKHRUL",20,29,8.7,7.4,176,2.2,NAN,NAN,36,2012
2855,"WANGJING AT HEIROK, THOUBAL",20,30,8.1,7.3,199,2.2,NAN,NAN,56,2012
2876,"WANGJING RIVER AT WANGJING, THOUBAL",20,30,8.2,7.4,170,2.2,NAN,NAN,39,2012
3383,"BUGI RIVER AT MIBANPARA, SOUTH GARO HILLS",13,25,7.7,7.2,95,1.8,2.67,22,50,2012
3384,"BUGI AT DALU, SOUTH GARO HILLS",13,25,7.6,7.2,92,2.5,2.41,20,45,2012
3380,"DAMRING RIVER (KRISHNEI RIVER) AT RESUBELPARA, EAST GARO HILLS",13,25,9.9,7.2,65,1.5,2.31,21,55,2012
1632,GANOL RIVER TURA,13,24,7.6,7.4,93,2.1,2.89,276,408,2012
1428,"KYRHUKHLA NR SUTNGA KHLIERIAT,JAINTIA HILLS ",13,22,5.5,2.9,568,6.8,1.12,18,33,2012
3369,"KYNSHI RIVER AT SOHIONG, WEST KHASI HILLS",13,16,7.6,7,42,1.3,3.01,11,27,2012
3370,"KYNSHI  AT NANGKHNUM, WEST KHASI HILLS",13,17,7.7,7.1,45,1.4,2.89,9,22,2012
3371,"KYNSHI RIVER AT RANIKOR, WEST KHASI HILLS",13,23,8.3,7,59,1.7,2.86,16,33,2012
3375,LUKHA RIVER AT MYNDIHATI (TRIBUTARY OF LUNAR),13,25,6.9,2.6,1072,3.2,1.17,3,21,2012
3376,LUKHA RIVER AT SUNAPUR (TRIBUTARY OF LUNAR),13,25,7.7,6.3,250,2.1,3.88,180,326,2012
3381,"MANDA RIVER (DUDHAI RIVER) AT JAMPA, EAST GARO HILLS",13,25,8.8,7.3,37,1.5,1.62,15,35,2012
3382,"MANDA RIVER (DUDHAI RIVER) AT WAGAISI, EAST GARO HILLS",13,25,7.3,7.3,72,2,1.65,17,36,2012
3377,"MYNTANG RIVER AT NARTIANG, JAYANTIA HILLS",13,20,7.5,7,38,1.7,2.2,18,40,2012
3378,"MYNTANG RIVER AT MYNSO, JAYANTIA HILLS",13,22,7.8,7.1,44,1.6,2.62,15,33,2012
1631,MYNTDU RIVER JOWAI,13,20,7,7,100,2.4,3.03,1967,2600,2012
3379,"MYNTDU RIVER AT LESHKA, JAYANTIA HILLS",13,21,7.5,6.3,52,1.7,0.82,7,21,2012
3367,"NONBAH RIVER AT NANGSTOIN MARKE, WEST KHASI HILLS",13,16,6.4,6.9,61,2.6,3.88,227,538,2012
3368,"NONBAH RIVER AT NANGSTOIN MARKE, WEST KHASI HILLS",13,17,7.5,7.1,39,1.4,2.88,12,22,2012
3372,"RILANG AT MAWKYRWAT, WEST KHASI HILLS",13,17,8,7.1,41,1.4,3.35,10,25,2012
1633,SIMSANG RIVER WILLIAMNAGAR,13,24,7.9,7.3,93,1.7,5.02,295,418,2012
3353,"UMIAM MAWPHLANG RIVER AT NONGKREM, EAST KHASI HILLS",13,18,7.5,6.9,69,1.9,4.92,20,49,2012
3354,"UMIAM MAWPHLANG RIVER AT UMTYNGNGAR, EAST KHASI HILLS",13,18,7.9,7.2,46,1.7,2.72,20,45,2012
3355,"UMIAM MAWPHLANG RIVER AT MAWPHLANG, EAST KHASI HILLS",13,18,8,7.2,42,1.4,2.47,5,31,2012
3356,"UMIAM MAWPHLANG RIVER AT SHELLA, EAST KHASI HILLS",13,25,7.7,7.1,101,1.5,3.42,16,43,2012
3350,UMKHEN AT WAHKDAIT,13,19,7.2,7.1,49,1.6,2.86,17,40,2012
3351,UMKHEN AT KSEHPONGDENG,13,21,8.2,7.1,49,1.2,2.81,15,32,2012
3352,"UMKHEN AT DIENGPASOH, EAST KHASI HILLS",13,21,7.8,7.1,58,1.5,2.97,19,43,2012
3359,"UMKHRAH RIVER AT DEMTHRING, SHILLONG",13,18,3.9,7.1,235,16.9,16.61,16500,23000,2012
3360,"UMKHRAH RIVER ATUMKALIAR, SHILLONG",13,18,4.9,7.1,182,14.2,11.61,10417,15500,2012
3361,"UMKHRAH RIVER ATMAWLAI, SLAUGHTER",13,19,2.7,7.1,281,35.4,14.84,41000,62667,2012
3362,"UMKHRAH RIVER AT MAWPDANG, MAWLAI",13,19,2.5,7.1,382,37.2,11.81,53083,87167,2012
3357,"UMNGOT RIVER AT SMIT, EAST KHASI HILLS",13,18,8,7,48,1.4,3.8,17,41,2012
3358,"UMNGOT RIVER AT DAWKI, EAST KHASI HILLS",13,24,8.4,7.1,48,1.2,3.08,18,45,2012
3363,"UMSHYRPI AT RISA COLONY, EAST KHASI HILLS",13,17,6.8,6.6,49,1.9,3.07,18,38,2012
3364,"UMSHYRPI  AT LAW COLLEGE, DHANKETI, EAST KHASI HILLS",13,18,2.1,7,286,45.6,10.61,51250,84500,2012
3365,"UMSHYRPI AT UMSHYRPI BDG, EAST KHASI HILLS",13,19,4,7.1,194,22.4,10.47,29500,45250,2012
1427,UMTREW AT BYRNIHAT EAST,13,24,7.7,7.2,107,6.6,3.02,285,425,2012
3366,"UMTREW RIVER AT UMRAN, RINAN BHOI",13,22,7.6,7.1,51,2,2.6,37,81,2012
3373,"WAH BLEI AT RIANGDO, WEST KHASI HILLS",13,20,7.7,7.1,46,1.6,3.93,8,22,2012
3374,"WAH BLEI AT SHDADDKHAR, WEST KHASI HILLS",13,20,7.7,7.1,49,1.9,3.89,11,26,2012
2050,TLAWNG UPSTREAM AIZAWL,14,24,6.5,7.4,297,1,0.13,26,438,2012
2051,TLAWNG DOWNSTREAM AIZAWL,14,24,6.3,7.5,287,0.9,0.14,5,204,2012
2052,TUIRIAL UPPER CATCHMENT,14,24,6.5,7.2,375,1.1,0.17,33,625,2012
2053,TUIRIAL LOWER CATCHMENT,14,24,6.9,6.9,349,1.1,0.18,38,503,2012
1403,GUMTI AT U/S SOUTH 15,15,28,6.6,7.8,165,1.6, ,268,316,2012
1404,GUMTI AT D/S SOUTH 15,15,28,6.4,8,155,3.9,0.5,512,516,2012
1726,"CHANDRAPUR, AGARTALA D/S OF HAORA RIVER",15,27,6.5,8,168,4.2,0.99,488,616,2012
1393,DAMANGANGA AT D/S OF MADHUBAN,16,29.1,6.7,7.7,218,5,1.31,NAN,NAN,2011
2459,DAMANGANGA AT ZUARI CAUSE WAY BRIDGE,16,27,4.2,7.9,4909,18,7,NAN,NAN,2011
2460,DAMANGANGA AT DISCHARGE POINT OF DISTILLERY,16,28.1,4.6,8,23576,158.8,6.88,35,46,2011
2461,"DAMANGANGA AT DAMAN JETTY, MOTI DAMAN",16,29.1,4.8,7.8,65700,164,3.42,NAN,NAN,2011
2462,"DAMANGANGA AT VAPI WEIR,VAPI",16,27.7,6.7,8.5,235,NAN,3.1,NAN,NAN,2011
2463,"DAMANGANGA AT LAVACHA TEMPLE, SILVASSA",16,27.1,6.7,8.3,262,NAN,NAN,NAN,NAN,2011
2464,"DAMANGANGA AT D/S OF M/S SURAT BEVERAGES, VILLAGE DADRA, SILVASSA",16,27.1,6.8,7.8,227,NAN,NAN,NAN,NAN,2011
2465,"DAMANGANGA AT NAROLI BRIDGE, SILVASSA",16,27.3,6.8,8.5,249,NAN,0.11,NAN,NAN,2011
2466,"DAMANGANGA AT VILLAGE NAMDHA, VAPI",16,27,4.2,8.2,2754,42,NAN,NAN,NAN,2011
1150,DAMANGANGA AT KACHIGAON U\S AT GIDC WIER,17,27.6,7.1,7.3,212,1.4,0.84,3,6,2011
1246,DAMANGANGA AT KACHIGAON D\S (DAMAN),17,28.2,5,8.3,12771,4.1,1.48,7,30,2011
1860,BALEHWAR KHADI AT N.H. NO. 8,17,28,6.7,8,304,1.5,0.18,1500,3550,2011
1861,PURNA ON BRIDGE AT SURATNANNAVSARI HIGHWAY,17,28.5,5.8,7.7,1315,2.5,0.22,1900,6800,2011
1862,KAVERI ON BRIDGE AT BILLIMORANANVALSAD ROAD,17,29.5,5.9,7.6,36593,3.9,0.07,1200,3200,2011
1865,DHADAR AT KOTHADA,17,27,7.6,7.7,1291,10,0.34,23,77,2011
1148,AMBIKA AT BILIMORA,17,29.5,6,7.7,18865,3.6,3.12,900,2450,2011
1435,"KOLAK AT RAILWAY BRIDGE NO. 313 VAPI,VALSAD",17,27,4.3,8.4,605,6.5,1.68,5,15,2011
1149,KOLAK AT PATALIA BDG.,17,26.7,3.7,8.2,600,4.3,1.66,6,20,2011
1438,MINDHOLA AT STATE HIGHWAY BRIDGE SACHIN,17,27,4.6,7.2,729,4,0.33,900,2300,2011
2082,"TRIVENI SANGAM, NR. SOMNATH TEMPLE, VERAVAL, DIST. JUNAGADH.",17,26.8,6.2,8.4,2670,1.3,0.24,NAN,NAN,2011
1399,"ZUARI AT D/S OF PT. WHERE KUMBARJRIA CANAL JOINS, 1",1,28.7,6.8,6.5,43,1.1,0.42,8,178,2011
1475,ZUARI AT PANCHAWADI,1,29.3,6.6,7,59,1.1,0.27,8,113,2011
1400,"MANDOVI AT NEGHBOURHOOD OF PANAJI, 1",1,28.8,6,6.2,106,1.5,0.28,9,166,2011
1476,"MANDOVI AT TONCA, MARCELA, 1",1,28.3,5.9,6.6,516,1.1,0.18,8,169,2011
1543,RIVER KALNA AT CHANDELNAN PERNEM,1,25.8,7.3,6.1,87,0.9,0.33,6,169,2011
1548,RIVER ASSONORA AT ASSONORA,1,28.3,7.3,5.9,74,1.5,0.22,8,163,2011
2276,RIVER BICHOLIM VARAZAN NAGAR,1,27.8,6.7,6.3,127,2,0.44,10,149,2011
2275,"RIVER CHAPORA NEAR ALORNA FORT ,PERNEM",1,26,6.8,6.2,226,1.6,0.18,9,151,2011
1546,RIVER KHANDEPAR AT OPA NAN PONDA,1,27.8,7.1,5.9,93,1.8,0.28,9,131,2011
2270,"RIVER KHANDEPAR AT CODLI NEAR BRIDGE ,U/S OPA WATERWORKS,SANGUEM",1,26.3,7.4,6.2,76,1.3,0.41,11,133,2011
2272,"RIVER KUSHAWATI NEAR BUND AT KEVONA,RIVON,SANGUEM",1,25.7,7.3,6.2,113,1.2,0.33,9,137,2011
1545,RIVER MADAI AT DABOS NAN  VALPOI,1,29,7.3,5.9,100,1.3,0.27,6,173,2011
2274,RIVER MAPUSA ON CULVERT ON HIGHWAY MAPUSANANPANAJI,1,26.9,6,5.9,273,1.8,0.31,10,171,2011
2271,"RIVER SAL PAZORKHONI, CUNCOLIM (NEAR CULVERT MARGAONAN CANACONA NATIONAL HIGHWAY)",1,27,6.1,6.5,201,2,0.43,9,149,2011
2273,"RIVER SAL NEAR HOTEL LEELA MOBOR,CAVELOSSIM",1,27.5,6.2,6.3,245,1.8,0.31,7,135,2011
1547,RIVER TALPONA AT CANACONA,1,28.3,7,6.5,75,0.9,0.22,7,166,2011
1544,"VALVANT AT SANKLI NAN BICHOLIM, 1",1,29,7.3,6,74,1.6,0.11,8,181,2011
2651,"AMBA RIVER AT D/S OF WAKEN BRIDGENANU/S OF JS PETRO CHEMICALS, WAKENPHATA, ROHA",2,28.2,7.1,7.9,108,3.3,0.42,65,137,2011
1461,"BHATSA AT D/S OF PISE DAM NR PISE VILL (ULHAS), 2",2,NAN,7.1,7.7,111,4.4,0.32,NAN,NAN,2011
2653,"BHATSA RIVER AT D/S OF LIBERTY OIL MILLS, SATNEL, SHAHAPUR, THANE",2,27.4,7,8,129,3.5,0.49,40,105,2011
2654,"BHATSA RIVER AT U/S OF LIBERTY OIL MILLS, SATNEL, SHAHAPUR, THANE",2,27.3,7,8,130,3.3,0.46,33,93,2011
1092,"KALU AT ATALE VILLAGE, 2",2,28.5,5.7,7.4,2323,6.3,1.47,400,541,2011
2670,"KAN RIVER NEAR SAKRI WATER WORKS, SAKRI, DHULE",2,28.4,5.9,7.6,462,4.9,2.47,23,63,2011
1152,"KUNDALIKA AT ROHA CITY, 2",2,28.4,7,7.7,107,3.8,0.4,131,285,2011
2198,KUNDALIKA RIVER AT ARE KHURD ( SALINE ZONE ),2,28.9,6.2,7.4,299,5.1,0.95,209,401,2011
2671,"KUNDALIKA RIVER NEAR SALAV BRIDGE (SALINA ZONE), SALAV, ROHA, RAIGAD",2,28.2,5.9,7.8,33259,6.8,1.61,114,228,2011
2672,"KUNDALIKA RIVER AT DHATAV AT JACKWELL, DHATAV, ROHA, RAIGAD",2,28.9,7.2,7.9,77,3.2,0.42,164,282,2011
2168,MITHI RIVER,2,27,3.2,7.4,28018,46,1.67,908,1164,2011
2676,"MUCHKUNDI RIVER AT WAKED NEAR M/S ASAHI INDIA GLASS LTD, WAKED, LANJA, RATNAGIRI",2,27.9,6.8,7.8,350,2.6,1.99,2,72,2011
1151,"PATALGANGA AT SHILPHATA, 2",2,26.8,6.9,7.5,133,3.2,0.55,252,409,2011
1462,"PATALGANGA NEAR INTAKE OF MIDC W/W, 2",2,27.2,6.9,7.5,143,3.4,0.54,149,307,2011
2685,"PATALGANGA RIVER AT D/S OF KHARPADA BRIDGE, KHARPADA, KHALAPUR, RAIGAD",2,26.8,6.1,6.9,609,4.2,3.1,65,135,2011
2686,"PATALGANGA RIVER AT VYAL PUMP HOUSE, VYAL, KHALAPUR, RAIGAD",2,26.9,6.8,7.4,129,3.2,0.86,51,133,2011
2687,"PATALGANGA RIVER AT KHALAPUR PUMPING STATION, KHALAPUR, RAIGAD",2,26.8,6.7,7.4,130,3.2,0.75,45,124,2011
2688,"PATALGANGA RIVER AT SAVROLI BRIDGE, KHALAPUR. RAIGAD",2,26.9,6.6,7.4,130,5,0.74,67,158,2011
2689,"PATALGANGA RIVER AT GAGANGIRI MAHARAJ TEMPLE, KHOPOLI, KHALAPUR, RAIGAD",2,26.9,6.7,7.5,120,3.6,0.73,85,226,2011
2696,"PEHLAR DAM ON PEHLAR R. INLET OF WATER WORKS, VASAI, THANE.",2,26.2,7.1,7.9,139,3.2,0.45,74,147,2011
2199,SAVITRI RIVER AT OVALE VILLAGE.,2,27.4,6,7.4,13925,59.1,3.08,4,116,2011
2701,"SAVITRI JACKWELL AT UPSA KENDRE, NANGALWADI, MAHAD, RAIGAD",2,26.4,6.7,7.7,274,2.3,2.04,5,88,2011
2702,"SAVITRI AT SHEDAV DOH,,RAIGAD",2,26.7,6.3,7.9,326,2.5,2.32,2,71,2011
2703,SAVITRI RIVER AT DADLI BRIDGE,2,27.3,6.3,7.9,7392,2.4,6.41,4,71,2011
2704,"SAVITRI RIVER AT MUTHAVALI VILLAGE, MAHAD, RAIGADH",2,27.4,6.3,7.7,12051,4.4,5.37,4,102,2011
2706,"SURYA RIVER, U/S OF SURYA DAM, DHAMMI, VIKRAMGAD, THANE",2,27.6,7,8.3,162,3.8,0.48,44,90,2011
2707,"SURYA RIVER AT MIDC PUMPING STN, GARVASHET, PALGHAR, THANE",2,27.5,7,8.3,212,3.6,0.44,47,90,2011
2708,"SURYA AT INTAKE OF VASAINANVIRAR W/S SCHEME, MASVAN, PALGHAR",2,27.5,7.1,8.3,227,3.2,0.48,67,124,2011
2709,"TANSA RIVER NEAR ROAD BRIDGE, VILLAGE DAKEWALI, WADA, THANE",2,26.9,6.8,8.2,314,4.3,0.45,28,69,2011
1093,"ULHAS AT U/S OF NRC BUND AT MOHANE, 2",2,25.9,6.8,7.8,151,3.4,0.5,601,740,2011
1094,ULHAS AT U/S OF BADLAPUR,2,25.9,7,7.8,123,3.4,0.44,42,100,2011
2162,ULHAS ATJAMBHUL WATER WORKS.,2,26,6.9,7.8,139,3.3,0.76,85,169,2011
2712,"VAITARNA NEAR ROAD BRIDGE, GANDHARE VILLAGE, WADA, THANE",2,26.9,6.8,8.2,313,4,0.49,49,99,2011
2164,VASHISTI AT U/S OF THREE M PAPER MILLS NEAR M/S MULTIFILMS PLASTIC PVT. LTD. AT KHERDI.,2,24.8,6.7,7.8,215,2.5,0.83,2,51,2011
2713,"VASHISTI AT D/S OF THREE M PAPER MILLS NEAR CHIPLUN WATER INTAKE JACKWELL AT KHERDI, RATNAGIRI. ",2,26.2,6.7,7.8,204,2.5,0.77,2,68,2011
2714,VASHISTI AT U/S OF POPHALI NR KONPHANSAWANE BRIDGE,2,25.3,6.9,7.7,205,2.2,0.93,2,55,2011
1342,ACHENKOIL AT THUMPAMON,3,26.6,7.1,6.9,72,0.5,0.25,278,641,2011
1443,ACHENKOIL AT CHENNITHULA,3,26.8,6.6,6.9,70,0.9,0.49,223,495,2011
2297,R ANCHARAKANDY AT MERUVAMBA,3,26.6,6.9,7.1,52,0.8,0.18,46,520,2011
2319,R ANCHARAKANDY AT MERUVAMBA,3,26.8,7.2,7,830,0.8,0.16,94,654,2011
2286,R AYROOR AT AYROOR BRIDGE,3,29.3,6.3,6.9,95,1.3,0.99,750,1325,2011
2331,R BHARATHAPUZHA AT KUTTIPPURAM,3,25.4,7.2,7.4,164,0.9,0.46,1325,2225,2011
2332,R BHARATHAPUZHA AT PATTAMBI,3,25.5,6.9,7.5,231,0.8,0.55,1000,1725,2011
1154,CHALAKUDY AT PULICKALKANANDAVU,3,26.6,6.5,6.9,101,1.3,0.47,468,1127,2011
20,"CHALIYAR AT KOOLIMADU, 3",3,24.7,7.1,7.1,64,0.6,0.4,283,646,2011
21,CHALIYAR AT CHUNGAPALLY,3,24.8,7.1,7.1,4600,0.6,0.35,229,538,2011
1572,CHANDRAGIRI AT PADIYATHADKA,3,28,7.5,7.2,52,0.6,0.15,285,900,2011
1573,CHITTHRAPUZHA AT IRUMPANAM,3,27.4,2,6.8,265,2.4,2.3,1525,5425,2011
2295,R CORAPUZHA AT KANAYANKODE,3,26,5.6,7,12769,1.2,0.41,725,1650,2011
1564,"ITHIKKARA AT AYUR, 3",3,27.4,7.1,7,90,0.6,0.64,338,625,2011
2287,R ITHIKKARA AT ITHIKKARA,3,26.5,6.1,7,248,0.8,0.66,500,1150,2011
1566,KADALUNDY AT THIRURANGADY,3,28.4,6,7,94,1.1,0.13,183,370,2011
2293,R KADALUNDI AT HAJIRAPPALLY,3,28.8,6.5,7.5,76,0.8,0.08,275,585,2011
2337,R KADAMBAYAR AT BRAHMAPURAM,3,26.7,1.5,6.6,192,3.6,0.92,881,2978,2011
2338,R KADAMBAYAR AT MANCKAKADAVU,3,26.4,2,6.8,79,2.4,0.2,456,1275,2011
42,"KALLADA AT PERUMTHOTTAM KADAVU, PUNALOOR, 3",3,26.5,7.2,7.1,52,0.6,0.15,298,687,2011
2294,R KALLAI AT KALLAI BRIDGE,3,25.5,4,7.5,25964,1.1,0.76,945,1588,2011
1571,KARINGODE AT KAKKADAVU,3,28,7.2,7.3,54,0.9,0.25,330,610,2011
1155,KARAMANA AT MOONNATTUMUKKU,3,28,0.8,7.1,1239,11.9,1.87,4250,11000,2011
2289,R KARUVANNURR AT KARUVANNUR BRIDGE,3,27.9,6.4,6.5,58,1.3,0.34,255,960,2011
2301,R KAVVAI AT KUTTIYOL PALAM,3,28.1,6.3,6.8,77,1.2,0.16,73,208,2011
2291,R KEECHERI AT VADAKKANCHERY BRIDGE,3,28.6,5.4,6.6,80,1.6,0.27,335,775,2011
2326,R KORAYAR AT KANJIKODE,3,25.3,5.8,7.8,666,1,0.24,993,1650,2011
1569,R KUPPAM AT THALIPARAMBA,3,28.3,6.6,7.2,12768,1.1,0.13,88,1412,2011
2298,R KUPPAM AT RAYAROM,3,26.1,7.7,7.2,44,1,0.28,29,148,2011
1567,R KUTTIYADY AT  KUTTIYADY ESTATE,3,24.3,7.1,7,27,0.4,0.11,73,218,2011
1568,"R MAHE AT VALAYAM, 3",3,26,7.3,7.2,59,0.6,0.19,160,465,2011
2285,R MAMOM AT MAMOM BRIDGE,3,28.5,7.8,7.1,119,0.7,0.87,875,1725,2011
1340,"MANIMALA  AT KALLOOPARA,",3,26.6,7.3,7.1,54,1.3,0.41,415,913,2011
1384,"MANIMALA AT THONDRA, 3",3,26.8,7,6.6,104,1.5,0.49,500,1000,2011
2307,R MANJESWAR AT BAJRAKKARA BR.,3,28,6,7.2,92,0.7,0.38,765,1390,2011
1339,"MEENACHIL AT KIDANGOOR, 3",3,26.2,6.8,6.6,48,0.5,0.44,1225,2025,2011
2304,R MOGRAL AT MOGRAL BR.,3,28.5,5.6,7.1,20455,0.6,0.58,433,675,2011
43,"MUVATTAPUZHA AT VETTIKKATTUMUKKU, 3",3,26.5,7,7,56,1.1,0.43,768,1725,2011
2302,R NEELASWARAM AT NAMBIARKAL DAM,3,29.3,6.7,6.9,2531,0.5,0.22,308,465,2011
1570,R NEELASWARAM AT HOSDURG,3,29.3,6.2,7.2,15362,0.8,0.39,830,1303,2011
1563,"R NEYYAR AT AMARAVILA, 3",3,27,7.3,7.2,62,0.8,0.95,525,985,2011
2284,R NEYYAR AT ARUVIPURAM,3,27.3,7.6,7.2,59,0.6,0.65,463,1163,2011
2288,R PALLICKAL AT NELLIMUKAL,3,27.9,6.4,6.8,83,0.5,0.42,175,575,2011
1156,"PAMBA AT CHENGANNUR, 3",3,27.8,7,6.6,50,0.6,0.75,295,578,2011
1341,"PAMBA AT THAKAZHY, 3",3,27.8,6.7,6.8,76,1.2,1.21,310,625,2011
1565,"PAMBA DOWN, 3",3,28.3,6.7,6.6,64,0.9,1.35,428,838,2011
17,PERIYAR NEAR ALWAYENANELOOR,3,27.5,5.6,6.9,943,1.5,0.4,655,1925,2011
18,"PERIYAR AT KALADY, 3",3,26.3,7.4,7,38,0.9,0.26,386,1196,2011
1338,"PERIYAR AT SEWAGE DISCHARGE POINT, 3",3,27,6.7,6.9,43,1,0.3,1043,2750,2011
2333,RIVER PERIYAR AT MUPPATHADAM,3,27.4,7.1,7.3,48,1.5,0.36,595,1775,2011
2334,RIVER PERIYAR AT PATHALAM,3,27,6.2,6.8,309,1.6,0.39,1129,2725,2011
2335,R PERIYAR AT KALAMASSERY,3,27.4,5.2,6.8,61,1.8,0.33,1123,2650,2011
2336,R PERIYAR AT PURAPPALLIKAVU,3,27.3,6.8,6.9,995,1.1,0.24,349,1258,2011
2300,R PERUVAMBA AT CHANDAPPURA,3,27,6.8,6.9,52,0.9,0.45,39,198,2011
2303,R PULLUR AT PULLUR BR.,3,27.8,6.2,6.6,44,0.7,0.21,715,1630,2011
2290,R PUZHACKAL AT PUZHACKAL BRIDGE,3,28.4,4.5,6.5,77,1.1,0.34,400,2675,2011
2299,R RAMAPURAM AT RAMAPURAM BRIDGE,3,28.8,4,7,19279,0.9,0.03,98,233,2011
2305,R SHRIYA AT ANGADIMOGARU,3,28.8,7,7.4,69,1,0.12,230,660,2011
2296,R THALLASSERY AT PATHIPPALAM,3,25.9,6.5,6.8,58,0.5,0.24,303,1026,2011
2292,R THIRUR AT THALAKKADATHUR BRIDGE,3,28,4.6,6.9,98,0.6,0.11,168,348,2011
2306,R UPPALA AT  UPPALA BR.,3,28.5,6.6,7.3,12327,0.6,0.71,1326,2210,2011
1442,"VAMANAPURAM, 3",3,28.8,7.1,7,51,1,0.78,750,1700,2011
1448,"NAGAVALLI AT THOTAPALLI REGULATOR, A.P.",4,27.6,6.2,7.5,371,1.1,1.62,3,528,2011
2352,"RIVER VAMSHADHARA, KALINGAPATNAM,VIZIANAGARAM",4,27.6,6.2,7.7,316,1.3,2.41,3,312,2011
1444,"KALI AT D/S WEST COAST PAPER MILL, 5",5,28.3,7.3,7.1,241,2.9,1.17,100,185,2011
2780,"KALI AT U/S OF WCPM, DANDELI, 5",5,27.5,7.7,7.4,121,1.4,0.64,378,1255,2011
1894,KUMARADHARA NAN U/S OF UPPINAGADY TOWN BEFORE CONFLUENCE WITH RIVER NETHRAVATHI,5,30.5,6.5,7.3,64,1,2.6,236,420,2011
1892,NETRAVATHI U/S OF DHARMASTALA AT WATER SUPPLY INTAKE POINT,5,29.5,6.9,7.4,57,1,1.28,46,409,2011
2423,"BUDHABALANGA, D/S OF BARIPADA TOWN",18,22.3,7.5,8,211,1.9,0.39,3005,6858,2011
2424,"BUDHABALANGA, D/S OF BARIPADA TOWN",18,22.3,7.2,8,263,3.7,0.63,6625,14725,2011
2425,"RIVER KERANDI(INTAKE WELL OF NALCO REFINARY, HAL, SUNABEDA)",18,25,7,7.6,111,1.6,0.67,1081,2743,2011
2422,"NAGAVALLI AT PENTA U/S, JAYKAYPUR TOWN",18,25.9,7.5,7.9,205,1.5,1,1615,3542,2011
1642,"NAGAVALLI AT JAYKAYPUR D/S, 18",18,25.9,7.1,7.7,283,2.3,1.73,2882,6692,2011
1643,"NAGAVALLI AT RAYAGADA D/S, 18",18,24.8,7.4,8,263,1.7,0.65,3113,6617,2011
1455,"RUSHIKULYA AT GANJAM U/S, 18",18,27.5,8.1,8,300,2.3,0.45,2272,4569,2011
1456,"RUSHIKULYA AT GANJAM D/S, 18",18,28,7.8,8,13103,2.1,0.59,277,739,2011
2426,VANSADHARA AT MUNIGUDA (D/S OF M/S VEDANTAALUMINA PROJECT),18,25,7.4,8,207,1.5,0.53,1356,2872,2011
2427,VANSADHARA AT GUNUPUR (INTERSTATE BOUNDRY),18,25.8,7.2,8,198,1.4,0.57,677,1850,2011
1685,"ARASALAR RIVER KARAIKAL REGION, 7",7,26.8,6.5,8.1,729,1,0.65,NAN,NAN,2011
2444,CORINGA RIVER,7,31,3,8.1,1086,NAN,0.1,NAN,NAN,2011
2442,GAUTAMINANGODAVARI RIVER,7,32,6.9,8.2,10910,NAN,0.02,NAN,NAN,2011
2443,GAUTAMINANGODAVARI RIVER,7,31,6,8,17990,NAN,0.07,NAN,NAN,2011
2445,MAHE RIVER,7,28,4.8,7.7,48500,NAN,0.34,NAN,NAN,2011
1450,"PALAR AT VANIYAMBADI WATER SUPPLY HEAD WORK, 8",8,28.4,6.3,7.6,830,1.8,0.24,738,2020,2011
1159,"TAMBIRAPARANI AT BDG.NR. MADURA COATS LTD.PAPAVINASAM,8",8,24,7.4,7.6,104,1.2,0.09,NAN,NAN,2011
1885,RIVER GHAGGAR AT D/S OF SURAJPUR,9,NAN,6.9,7.8,440,3.4,1.21,NAN,NAN,2011
1023,"GHAGGAR AT MUBARAKPUR REST HOUSE (PATIALA), 10",10,24.8,5.8,7.2,732,8.5,3.83,1089,4838,2011
1024,"GHAGGAR AT 100M D/S CONF. WITH R. SARASWATI (PATIALA),10",10,24,5.6,7.4,1322,15.3,15,16750,41500,2011
1295,"GHAGGAR NEAR BANKARPUR,DERA BASSI,10",10,25,5.4,7.3,809,10,4.2,4278,8975,2011
1473,"GHAGGAR AT RATANHERI, D/S OF PATIALA NADI (AFTER CONFL.), 10",10,23.3,5.7,7.3,1103,14.3,13.75,20250,52500,2011
1698,GHAGGAR AT D/S CHHATBIR,10,25.8,5.7,7.5,906,24,14.18,7863,17625,2011
1699,"GHAGGAR AT U/S DHAKANSU NALLAH, 10",10,25.8,3.5,7.4,1064,20,13.2,8000,14500,2011
1700,"GHAGGAR AT D/S DHAKANSU NALLAH, 10",10,25.8,3.2,7.6,1197,27.3,19.2,20250,40250,2011
1701,GHAGGAR AT D/S JHARMAL NADI,10,26,4.7,7.3,1383,32.8,16.4,14388,42875,2011
1702,GHAGGAR AT U/S JHARMAL NADI,10,26,4.8,7.4,1063,16,5.03,3138,8025,2011
1703,"GHAGGAR AT MOONAK, 10",10,24.4,5.3,7.5,1532,18.3,15.8,27000,63500,2011
1704,GHAGGAR AT D/S SARDULGARH,10,23.4,5.6,7.5,1269,34.5,12.15,22000,60000,2011
1705,GHAGGAR AT U/S SARDULGARH,10,24.3,5.4,7.4,1194,22,8.3,10000,35000,2011
1025,"GHAGGAR GHNAN1 AT ROAD BRDG. SIRSA,DEBWALI ROAD,9",9,17.7,6.1,6.8,780,14.7,NAN,NAN,NAN,2011
1026,"GHAGGAR GHNAN2 AT CHANDARPUR SYPHON,  9",9,17,6.1,6.8,773,14.7,NAN,NAN,NAN,2011
1887,GHAGGAR BEFORE OTTU WEIR (BEFORE MIXING OF SATLUJ CANAL WATER) (9),9,17.3,6,7,820,15.3,NAN,NAN,NAN,2011
1718,"GAGGAR RIVER WHEN ENTERING IN 11 FROM 9 NEAR RD NO. 629, 11",11,28,4.8,7.9,650,3.2,0.68,6,62,2011
1719,"GAGGAR RIVER D/S HANUMANGARH NEAR 2 KNJ NAI ABADI, MAKKASR",11,32,5,7.3,390,2.8,0.14,4,20,2011
1871,"RIVER MARKANDA AT PAONTA, DISTT. SIRMOUR, H.P.",12,21.4,8.3,7.6,334,1,0.49,9,16,2011
2624,MARKANDA U/S KALA AMB,12,22.3,8.2,7.7,316,1.2,0.48,11,20,2011
1884,KALA AMB D/S MARKANDA RIVER,9,18.3,3.1,7.8,1261,195.4,4.78,NAN,NAN,2011
2625,MARKANDA D/S KALA AMB/ BOUNDARY OF 9,12,22.8,8.3,7.6,304,1.2,0.51,12,20,2011
1870,"RIVER SUKHANA AT PARWANOO, DISTT. SOLAN, H.P.",12,21.8,5.5,7.6,743,7.6,1.02,81,166,2011
2948,"RIVER BANDI AT HEMAWAS DAM, PALI, 11",11,26.9,5.1,7.8,657,1.7,0.26,6,23,2011
2947,"RIVER JAWAI AT JAWAI DAM, SIROHI, 11",11,27.3,5.3,7.8,623,1.7,NAN,NAN,NAN,2011
2869,BARAK RIVER AT SENAPATI ,20,19,8.7,7.1,252,4.9,NAN,NAN,10,2011
2875,"BARAK RIVER AT N.H. 53, TAMENGLONG DISTT., 20",20,26,5.1,7.2,17,1,NAN,NAN,10,2011
2868,CHAKPI AT CHAKPI KARONG ,20,19,10,7.4,157,0.6,NAN,NAN,5,2011
1424,"IMPHAL AT MAHABALI, 20",20,21.8,5.9,7,164,1.6,NAN,NAN,74,2011
1457,"IMPHAL AT KOIRENGEI, 20",20,22.3,6.1,7.3,141,1.4,NAN,NAN,63,2011
1627,"IMPHAL AT KIYAMGI, 20",20,22.3,5.6,7.1,427,1.4,NAN,NAN,175,2011
1628,IMPHAL AT MINUTHONG,20,22.3,4.7,7,527,1.9,NAN,NAN,42,2011
2861,"IMPHAL AT KANGLA MOAT, IMPHAL ",20,23,5.5,8.6,116,4.5,NAN,NAN,113,2011
2862,"IMPHAL AT SAMUROU, IMPHAL WEST",20,23,6.8,6.8,160,1.5,NAN,NAN,23,2011
2864,"IMPHAL AT SEKMAI, IMPHAL EAST",20,23,7,7.4,47,1,NAN,NAN,5,2011
2874,IRANG RIVER AT TAMENGLONG,20,23,7.3,7.8,116,1.2,NAN,NAN,10,2011
1458,"IRIL AT PORAMPET, 20",20,22,5.5,7.3,179,1.2,NAN,NAN,75,2011
1624,"IRIL AT LILONG, 20",20,22.3,4.7,7.4,220,1.6,NAN,NAN,140,2011
2863,"IRIL RIVER AT KANGLA SIPHAI, IMPHAL EAST, 20",20,27,4.9,7,180,1.2,NAN,NAN,10,2011
2873,IRIL RIVER AT LILONG (THOUBAL ),20,30,5.8,7.8,367,6.2,NAN,NAN,95,2011
1925,KHUGA RIVER (CHURACHANDPUR),20,23,5.8,7.4,249,1,NAN,NAN,37,2011
2877,"KHUGA DAM ON KHUGA RIVER, CHURACHANDPUR, 20",20,23,6.2,6.9,182,2.1,NAN,NAN,8,2011
1926,"KHUJAIROK, MOREH (CHANDEL DIST.)",20,22.7,5.5,7.7,356,1.2,NAN,NAN,202,2011
2878,"LOKCHAO RIVER AT BISHNUPUR, 20",20,23,5.1,6.9,190,2.3,NAN,NAN,33,2011
2867,"MAHA RIVER AT CHANDEL, 20",20,23.5,5.2,7.1,164,2.8,NAN,NAN,20,2011
2852,"20 RIVER AT SEKMAIJAN, DISTT. THOUBAL, 20",20,23,4.6,7,188,2.8,NAN,NAN,18,2011
2879,20 RIVER AT ETHAI BARRAGE ON 20 RIVER AT BISHNUPUR,20,23.5,5.6,6.6,165,1.9,NAN,NAN,23,2011
1625,NAMBUL RIVER AT HUMP BRIDGE,20,23,1.9,6.8,484,15.3,NAN,NAN,1075,2011
1626,"NAMBUL RIVER AT HEIRANGOITHONG, 20",20,23,2.5,7.1,424,16.7,NAN,NAN,682,2011
2858,"NAMBUL RIVER AT SAMUSANG (U.K. ROAD), DISTT. IMPHAL WEST",20,22.5,5.5,6.9,118,2.8,NAN,NAN,10,2011
2859,"NAMBUL RIVER AT SINGDA DAM, IMPHAL WEST, 20",20,23,6,7,100,4.2,NAN,NAN,10,2011
2860,"NAMBUL RIVER AT NAOREMTHONG, IMPHAL WEST, 20",20,22.5,4.9,6.9,93,3.6,NAN,NAN,25,2011
2880,"NAMBUL RIVER AT  BISHNUPUR, 20",20,20,4.8,7,167.1,2.8,NAN,NAN,NAN,2011
1927,"SEKMAI RIVER, KAKCHING (THOUBAL DIST.)",20,22.7,5.4,7.2,211,1.1,NAN,NAN,78,2011
2853,"THOUBAL RIVER AT MAPITHEL DAM, DISTT. THOUBAL, 20",20,26,6,7.5,231,1.1,NAN,NAN,10,2011
2854,"THOUBAL RIVER AT PHADOM, DISTT. THOUBAL, 20",20,19,5.6,7.1,319,4.4,NAN,NAN,15,2011
2856,"THOUBAL RIVER AT YAIRIPOK, DISTT. THOUBAL, 20",20,22.5,5.7,6.9,261,2.3,NAN,NAN,53,2011
2870,"THOUBAL RIVER AT SONGKHONG, (UKL DIST.)",20,18.9,9.9,7.1,163,1,NAN,NAN,35,2011
2872,THOUBAL RIVER AT LITAN (UKL DIST.),20,21,6.1,7.6,163,4.5,NAN,NAN,25,2011
2855,"WANGJING RIVER AT HEIROK, DISTT. THOUBAL, 20",20,22.5,5.1,6.9,170,2.5,NAN,NAN,10,2011
2876,"WANGJING RIVER AT WANGJING, DISTT. THOUBAL, 20",20,23,3.8,7,192,3,NAN,NAN,23,2011
1632,"GANOL RIVER TURA, 13",13,24.4,7.8,7.2,139,1.9,0.56,263,359,2011
1428,"KHARKHLA NEAR SUTNGA KHLIERIAT,JAINTIA HILLS DT.,13",13,21.8,6.5,3.1,489,6.1,0.52,32,47,2011
1631,"MYNTDU RIVER JOWAI, 13",13,20.8,7.3,7,162,2.2,0.69,2085,2633,2011
1633,SIMSANG RIVER WILLIAMNAGAR,13,25.2,7.8,7.1,136,1.9,0.52,303,409,2011
1427,UMTREW AT BYRNIHAT EAST,13,24,7.7,7.1,205,7,0.84,303,461,2011
2050,TLAWNG UPSTREAM AIZAWL,14,23.4,8.1,7.1,267,1,0.11,2,12,2011
2051,TLAWNG DOWNSTREAM AIZAWL,14,23.4,8,7,278,1.1,0.11,3,18,2011
2052,TUIRIAL UPPER CATCHMENT,14,23.2,6.9,7.2,268,1.1,0.11,6,37,2011
2053,TUIRIAL LOWER CATCHMENT,14,23.3,6.8,7.1,286,1.3,0.11,8,29,2011
1403,GUMTI AT U/S SOUTH 15,15,28.4,6.6,7.8,149,1.8,NAN,209,340,2011
1404,GUMTI AT D/S SOUTH 15,15,28.6,6.3,8,164,3.4,0.3,380,528,2011
1726,"CHANDRAPUR, AGARTALA D/S OF HAORA RIVER, 15",15,28.5,6.6,7.9,196,4.4,0.8,425,648,2011
2459,"DAMANGANGA AT ZARI CAUSE WAY BRIDGE, DAMAN ",16,29.9,5.6,7.5,15608,25,18.73,5,5,2010
2460,DAMANGANGA AT DISCHARG POINT DISTILLARY,16,29.9,3.7,7.5,39503,13.5,25.71,NAN,NAN,2010
2461,"DAMANGANGA AT DAMAN JETTY, MOTI DAMAN",16,29.8,4.7,7.6,46170,21.5,19.69,NAN,NAN,2010
2462,"DAMANGANGA AT VAPI WEIR, VAPI",16,30.2,5.8,7.8,378,NAN,2.61,NAN,NAN,2010
2463,"DAMANGANGA AT LAVACHA TEMPLE, DADRA",16,29.7,6.6,7.7,489,NAN,2.66,350,350,2010
2464,"DAMANGANGA at D/s of M/s Surat Beverages, Dadra",16,30.1,6.6,7.4,492,NAN,3.6,NAN,NAN,2010
2465,"DAMANGANGA AT NAROLI BRIDGE, SILVASSA",16,30.3,6.2,7.8,359,NAN,3.67,4,NAN,2010
2466,"DAMANGANGA AT VILLAGE NAMDHA, VAPI",16,29.8,5.8,7.7,8757,NAN,10.45,4,4,2010
1860,BALEHWAR KHADI AT N.H. NO. 8,17,26,5.1,8.1,533,3.7,0.45,3900,7500,2010
1861,RIVER PURNA ON BRIDGE AT SURATNANNAVSARI HIGHWAY,17,27,7.1,8,555,2,0.35,7500,15000,2010
1862,RIVER KAVERI ON BRIDGE AT BILLIMORANANVALSAD ROAD,17,27,6.8,8.2,26600,3.1,0.62,9000,23000,2010
1865,RIVER DHADAR AT KOTHADA,17,29.3,8.1,7.6,938,8.6,0.4,22,108,2010
1148,"AMBIKA AT BILIMORA, ",17,28.4,6.2,7.8,7778,2.7,0.26,2880,6581,2010
1434,"AMLAKHADI AFTER CONFL. OF W. WATER FROM ANKLESH,",17,32,NAN,7.2,1440,46,0.2,80,330,2010
1438,"MINDHOLA AT STATE HIGHWAY BRIDGE SACHIN, ",17,28.3,3.2,7.7,885,6.3,0.51,3900,9575,2010
